nume_actiune,timestamp
addSala,2026-06-04T18:44:03.601151696
addSala,2026-06-04T18:44:03.602533869
getAllSali,2026-06-04T18:44:03.602679823
addMedicament,2026-06-04T18:44:03.606203834
getAllMedicamente,2026-06-04T18:44:03.606358584
addMedic,2026-06-04T18:44:03.610287125
addMedic,2026-06-04T18:44:03.610739623
getAllMedici,2026-06-04T18:44:03.610896698
addMedicSpecialist,2026-06-04T18:44:03.619556324
getAllMediciSpecialisti,2026-06-04T18:44:03.619757761
addManager,2026-06-04T18:44:03.621408098
addAsistenta,2026-06-04T18:44:03.621544534
getAllManageri,2026-06-04T18:44:03.621621248
getAllAsistente,2026-06-04T18:44:03.62311005
addPacient,2026-06-04T18:44:03.625173772
getAllPacienti,2026-06-04T18:44:03.625507077
addPersoana,2026-06-04T18:44:03.627642183
addPersoana,2026-06-04T18:44:03.627783618
addPersoana,2026-06-04T18:44:03.627851195
addPersoana,2026-06-04T18:44:03.62791805
addPersoana,2026-06-04T18:44:03.628001026
addPersoana,2026-06-04T18:44:03.628069865
getAllPersoane,2026-06-04T18:44:03.628155656
findMedicById,2026-06-04T18:44:03.628486878
findMediciByDepartament,2026-06-04T18:44:03.628604078
getSortedMedici,2026-06-04T18:44:03.628730855
addSpecToMedic,2026-06-04T18:44:03.629440467
findMedicSpecialistById,2026-06-04T18:44:03.629523402
findMedicSpecialistById,2026-06-04T18:44:03.629599986
findPacientByName,2026-06-04T18:44:03.629721213
findPacientiByDiagnostic,2026-06-04T18:44:03.62984235
getUrgentPacienti,2026-06-04T18:44:03.629962376
deleteMedicament,2026-06-04T18:44:03.630068875
findMedicamentByName,2026-06-04T18:44:03.63014611
getAllMedicamente,2026-06-04T18:44:03.630335696
addMedicament,2026-06-04T18:44:03.630542043
findMedicById,2026-06-04T18:44:03.630674993
salveaza_medic_db,2026-06-04T18:44:03.729946839
salveaza_medic_db,2026-06-04T18:44:03.730438101
salveaza_medic_db,2026-06-04T18:44:03.730829926
listeaza_medici_db,2026-06-04T18:44:03.735092483
cauta_medic_db,2026-06-04T18:44:03.736170595
actualizeaza_medic_db,2026-06-04T18:44:03.73689272
cauta_medic_db,2026-06-04T18:44:03.737224222
sterge_medic_db,2026-06-04T18:44:03.738021267
listeaza_medici_db,2026-06-04T18:44:03.738387574
salveaza_sala_db,2026-06-04T18:44:03.739282924
salveaza_sala_db,2026-06-04T18:44:03.739644232
actualizeaza_sala_db,2026-06-04T18:44:03.740034173
listeaza_sali_db,2026-06-04T18:44:03.74028279
salveaza_medicament_db,2026-06-04T18:44:03.740904857
salveaza_medicament_db,2026-06-04T18:44:03.741329514
salveaza_medicament_db,2026-06-04T18:44:03.741713885
sterge_medicament_db,2026-06-04T18:44:03.742546336
listeaza_medicamente_db,2026-06-04T18:44:03.742853282
interneaza_pacient_db,2026-06-04T18:44:03.744708883
interneaza_pacient_db,2026-06-04T18:44:03.745418535
listeaza_pacienti_db,2026-06-04T18:44:03.747238238
prescrie_medicament_db,2026-06-04T18:44:03.748376985
prescrie_medicament_db,2026-06-04T18:44:03.749039678
prescrie_medicament_db,2026-06-04T18:44:03.749661144
prescrie_medicament_rollback,2026-06-04T18:44:03.750161883
listeaza_medicamente_db,2026-06-04T18:44:03.750785874
raport_pacienti_urgenti,2026-06-04T18:44:03.75391806
raport_pacienti_per_medic,2026-06-04T18:44:03.75666345
raport_top_medicamente,2026-06-04T18:44:03.759351263
raport_prescriptii_pacient,2026-06-04T18:44:03.761149707
addSala,2026-06-04T18:44:22.276067852
addSala,2026-06-04T18:44:22.277496934
getAllSali,2026-06-04T18:44:22.277610527
addMedicament,2026-06-04T18:44:22.281165425
getAllMedicamente,2026-06-04T18:44:22.281328762
addMedic,2026-06-04T18:44:22.283752318
addMedic,2026-06-04T18:44:22.284096163
getAllMedici,2026-06-04T18:44:22.284188707
addMedicSpecialist,2026-06-04T18:44:22.291311278
getAllMediciSpecialisti,2026-06-04T18:44:22.291435782
addManager,2026-06-04T18:44:22.292552817
addAsistenta,2026-06-04T18:44:22.292643026
getAllManageri,2026-06-04T18:44:22.292716124
getAllAsistente,2026-06-04T18:44:22.294071747
addPacient,2026-06-04T18:44:22.29641915
getAllPacienti,2026-06-04T18:44:22.296879233
addPersoana,2026-06-04T18:44:22.299320052
addPersoana,2026-06-04T18:44:22.299432102
addPersoana,2026-06-04T18:44:22.299497044
addPersoana,2026-06-04T18:44:22.299568047
addPersoana,2026-06-04T18:44:22.29965998
addPersoana,2026-06-04T18:44:22.299749267
getAllPersoane,2026-06-04T18:44:22.299820441
findMedicById,2026-06-04T18:44:22.300153876
findMediciByDepartament,2026-06-04T18:44:22.30027336
getSortedMedici,2026-06-04T18:44:22.300401511
addSpecToMedic,2026-06-04T18:44:22.301177447
findMedicSpecialistById,2026-06-04T18:44:22.301279318
findMedicSpecialistById,2026-06-04T18:44:22.301352014
findPacientByName,2026-06-04T18:44:22.301497096
findPacientiByDiagnostic,2026-06-04T18:44:22.30163751
getUrgentPacienti,2026-06-04T18:44:22.301798542
deleteMedicament,2026-06-04T18:44:22.30192038
findMedicamentByName,2026-06-04T18:44:22.301979792
getAllMedicamente,2026-06-04T18:44:22.302179677
addMedicament,2026-06-04T18:44:22.302386504
findMedicById,2026-06-04T18:44:22.302543639
salveaza_medic_db,2026-06-04T18:44:22.401288538
salveaza_medic_db,2026-06-04T18:44:22.401774159
salveaza_medic_db,2026-06-04T18:44:22.402133473
listeaza_medici_db,2026-06-04T18:44:22.405691017
cauta_medic_db,2026-06-04T18:44:22.406453347
actualizeaza_medic_db,2026-06-04T18:44:22.407190219
cauta_medic_db,2026-06-04T18:44:22.407517453
sterge_medic_db,2026-06-04T18:44:22.408143728
listeaza_medici_db,2026-06-04T18:44:22.408446516
salveaza_sala_db,2026-06-04T18:44:22.409110702
salveaza_sala_db,2026-06-04T18:44:22.409455839
actualizeaza_sala_db,2026-06-04T18:44:22.409848185
listeaza_sali_db,2026-06-04T18:44:22.410094057
salveaza_medicament_db,2026-06-04T18:44:22.410848141
salveaza_medicament_db,2026-06-04T18:44:22.411312172
salveaza_medicament_db,2026-06-04T18:44:22.411682596
sterge_medicament_db,2026-06-04T18:44:22.412441129
listeaza_medicamente_db,2026-06-04T18:44:22.412948201
interneaza_pacient_db,2026-06-04T18:44:22.41577321
interneaza_pacient_db,2026-06-04T18:44:22.416555267
listeaza_pacienti_db,2026-06-04T18:44:22.419357344
prescrie_medicament_db,2026-06-04T18:44:22.420545523
prescrie_medicament_db,2026-06-04T18:44:22.421256166
prescrie_medicament_db,2026-06-04T18:44:22.421861151
prescrie_medicament_rollback,2026-06-04T18:44:22.422439095
listeaza_medicamente_db,2026-06-04T18:44:22.422944173
raport_pacienti_urgenti,2026-06-04T18:44:22.42568823
raport_pacienti_per_medic,2026-06-04T18:44:22.428479516
raport_top_medicamente,2026-06-04T18:44:22.431628263
raport_prescriptii_pacient,2026-06-04T18:44:22.43424398
addSala,2026-06-04T18:48:22.537434092
addSala,2026-06-04T18:48:22.539295522
getAllSali,2026-06-04T18:48:22.539471743
addMedicament,2026-06-04T18:48:22.544339169
getAllMedicamente,2026-06-04T18:48:22.544642368
addMedic,2026-06-04T18:48:22.547824534
addMedic,2026-06-04T18:48:22.548419881
getAllMedici,2026-06-04T18:48:22.548540617
addMedicSpecialist,2026-06-04T18:48:22.557350074
getAllMediciSpecialisti,2026-06-04T18:48:22.557542185
addManager,2026-06-04T18:48:22.560594628
addAsistenta,2026-06-04T18:48:22.560755961
getAllManageri,2026-06-04T18:48:22.560895061
getAllAsistente,2026-06-04T18:48:22.56267588
addPacient,2026-06-04T18:48:22.56541142
getAllPacienti,2026-06-04T18:48:22.566011374
addPersoana,2026-06-04T18:48:22.568669138
addPersoana,2026-06-04T18:48:22.568822856
addPersoana,2026-06-04T18:48:22.568901834
addPersoana,2026-06-04T18:48:22.568982375
addPersoana,2026-06-04T18:48:22.569076181
addPersoana,2026-06-04T18:48:22.569172732
getAllPersoane,2026-06-04T18:48:22.569245278
findMedicById,2026-06-04T18:48:22.569630089
findMediciByDepartament,2026-06-04T18:48:22.569778868
getSortedMedici,2026-06-04T18:48:22.569915665
addSpecToMedic,2026-06-04T18:48:22.570737926
findMedicSpecialistById,2026-06-04T18:48:22.570827985
findMedicSpecialistById,2026-06-04T18:48:22.570902695
findPacientByName,2026-06-04T18:48:22.571034202
findPacientiByDiagnostic,2026-06-04T18:48:22.571189593
getUrgentPacienti,2026-06-04T18:48:22.571375893
deleteMedicament,2026-06-04T18:48:22.571492151
findMedicamentByName,2026-06-04T18:48:22.571554468
getAllMedicamente,2026-06-04T18:48:22.57176369
addMedicament,2026-06-04T18:48:22.572024719
findMedicById,2026-06-04T18:48:22.572218793
salveaza_medic_db,2026-06-04T18:48:22.683029171
salveaza_medic_db,2026-06-04T18:48:22.683645036
salveaza_medic_db,2026-06-04T18:48:22.684113775
listeaza_medici_db,2026-06-04T18:48:22.688128432
cauta_medic_db,2026-06-04T18:48:22.688983064
actualizeaza_medic_db,2026-06-04T18:48:22.689892289
cauta_medic_db,2026-06-04T18:48:22.690236535
sterge_medic_db,2026-06-04T18:48:22.6908902
listeaza_medici_db,2026-06-04T18:48:22.69125292
salveaza_sala_db,2026-06-04T18:48:22.692032833
salveaza_sala_db,2026-06-04T18:48:22.692465234
actualizeaza_sala_db,2026-06-04T18:48:22.693041524
listeaza_sali_db,2026-06-04T18:48:22.693375771
salveaza_medicament_db,2026-06-04T18:48:22.694200738
salveaza_medicament_db,2026-06-04T18:48:22.694729088
salveaza_medicament_db,2026-06-04T18:48:22.695170776
sterge_medicament_db,2026-06-04T18:48:22.695961759
listeaza_medicamente_db,2026-06-04T18:48:22.696438012
interneaza_pacient_db,2026-06-04T18:48:22.69863937
interneaza_pacient_db,2026-06-04T18:48:22.699326268
listeaza_pacienti_db,2026-06-04T18:48:22.700342383
prescrie_medicament_db,2026-06-04T18:48:22.701355202
prescrie_medicament_db,2026-06-04T18:48:22.702128662
prescrie_medicament_db,2026-06-04T18:48:22.702931297
prescrie_medicament_rollback,2026-06-04T18:48:22.703439921
listeaza_medicamente_db,2026-06-04T18:48:22.703933176
raport_pacienti_urgenti,2026-06-04T18:48:22.706371307
raport_pacienti_per_medic,2026-06-04T18:48:22.708970871
raport_top_medicamente,2026-06-04T18:48:22.711437066
raport_prescriptii_pacient,2026-06-04T18:48:22.71315678
addSala,2026-06-04T18:49:01.22916841
addSala,2026-06-04T18:49:01.230562143
getAllSali,2026-06-04T18:49:01.230676648
addMedicament,2026-06-04T18:49:01.233788723
getAllMedicamente,2026-06-04T18:49:01.233905872
addMedic,2026-06-04T18:49:01.23647014
addMedic,2026-06-04T18:49:01.236801912
getAllMedici,2026-06-04T18:49:01.236886761
addMedicSpecialist,2026-06-04T18:49:01.2456175
getAllMediciSpecialisti,2026-06-04T18:49:01.245782329
addManager,2026-06-04T18:49:01.247375867
addAsistenta,2026-06-04T18:49:01.247482978
getAllManageri,2026-06-04T18:49:01.247560082
getAllAsistente,2026-06-04T18:49:01.248896578
addPacient,2026-06-04T18:49:01.252143415
getAllPacienti,2026-06-04T18:49:01.25269514
addPersoana,2026-06-04T18:49:01.25525575
addPersoana,2026-06-04T18:49:01.255352502
addPersoana,2026-06-04T18:49:01.255417033
addPersoana,2026-06-04T18:49:01.255480271
addPersoana,2026-06-04T18:49:01.255572324
addPersoana,2026-06-04T18:49:01.25563964
getAllPersoane,2026-06-04T18:49:01.255705684
findMedicById,2026-06-04T18:49:01.256059708
findMediciByDepartament,2026-06-04T18:49:01.256200442
getSortedMedici,2026-06-04T18:49:01.256327159
addSpecToMedic,2026-06-04T18:49:01.257328476
findMedicSpecialistById,2026-06-04T18:49:01.257408336
findMedicSpecialistById,2026-06-04T18:49:01.257484549
findPacientByName,2026-06-04T18:49:01.257619432
findPacientiByDiagnostic,2026-06-04T18:49:01.257764855
getUrgentPacienti,2026-06-04T18:49:01.258014583
deleteMedicament,2026-06-04T18:49:01.258147191
findMedicamentByName,2026-06-04T18:49:01.258212684
getAllMedicamente,2026-06-04T18:49:01.258486227
addMedicament,2026-06-04T18:49:01.258755812
findMedicById,2026-06-04T18:49:01.258934457
salveaza_medic_db,2026-06-04T18:49:01.356507474
salveaza_medic_db,2026-06-04T18:49:01.357001079
salveaza_medic_db,2026-06-04T18:49:01.357398394
listeaza_medici_db,2026-06-04T18:49:01.362859453
cauta_medic_db,2026-06-04T18:49:01.363618837
actualizeaza_medic_db,2026-06-04T18:49:01.364553289
cauta_medic_db,2026-06-04T18:49:01.365040122
sterge_medic_db,2026-06-04T18:49:01.365734604
listeaza_medici_db,2026-06-04T18:49:01.366049595
salveaza_sala_db,2026-06-04T18:49:01.366797978
salveaza_sala_db,2026-06-04T18:49:01.367153083
actualizeaza_sala_db,2026-06-04T18:49:01.367587017
listeaza_sali_db,2026-06-04T18:49:01.367867262
salveaza_medicament_db,2026-06-04T18:49:01.368584778
salveaza_medicament_db,2026-06-04T18:49:01.369031746
salveaza_medicament_db,2026-06-04T18:49:01.369467943
sterge_medicament_db,2026-06-04T18:49:01.370192312
listeaza_medicamente_db,2026-06-04T18:49:01.370503555
interneaza_pacient_db,2026-06-04T18:49:01.372467487
interneaza_pacient_db,2026-06-04T18:49:01.373165486
listeaza_pacienti_db,2026-06-04T18:49:01.374563246
prescrie_medicament_db,2026-06-04T18:49:01.376627597
prescrie_medicament_db,2026-06-04T18:49:01.377682615
prescrie_medicament_db,2026-06-04T18:49:01.378519324
prescrie_medicament_rollback,2026-06-04T18:49:01.379319023
listeaza_medicamente_db,2026-06-04T18:49:01.380008606
raport_pacienti_urgenti,2026-06-04T18:49:01.382948828
raport_pacienti_per_medic,2026-06-04T18:49:01.386530704
raport_top_medicamente,2026-06-04T18:49:01.390158636
raport_prescriptii_pacient,2026-06-04T18:49:01.392499114
addMedic,2026-06-04T22:36:29.27822645
addMedic,2026-06-04T22:36:29.285727514
findMedicById,2026-06-04T22:36:29.285915769
findMediciByDepartament,2026-06-04T22:36:29.286023438
getSortedMedici,2026-06-04T22:36:29.286155684
deleteMedic,2026-06-04T22:36:29.286495949
findMedicById,2026-06-04T22:36:29.28658413
findMediciByDepartament,2026-06-04T22:36:29.286677647
deleteMedic,2026-06-04T22:36:29.286748663
findMedicById,2026-06-04T22:36:29.28682595
addPacient,2026-06-04T22:36:29.288380149
addPacient,2026-06-04T22:36:29.288727988
findPacientByName,2026-06-04T22:36:29.288837031
findPacientiByDiagnostic,2026-06-04T22:36:29.288945026
getUrgentPacienti,2026-06-04T22:36:29.289063558
getUrgentPacienti,2026-06-04T22:36:29.289148573
deletePacient,2026-06-04T22:36:29.289226635
findPacientByName,2026-06-04T22:36:29.28929428
deletePacient,2026-06-04T22:36:29.289398029
findPacientByName,2026-06-04T22:36:29.289500373
findPacientiByDiagnostic,2026-06-04T22:36:29.289638739
addSala,2026-06-04T22:36:29.290766529
addSala,2026-06-04T22:36:29.290899682
findSala,2026-06-04T22:36:29.291016504
getAllSali,2026-06-04T22:36:29.291129141
findSala,2026-06-04T22:36:29.291214676
findSala,2026-06-04T22:36:29.29128787
deleteSala,2026-06-04T22:36:29.291367835
findSala,2026-06-04T22:36:29.291433842
deleteSala,2026-06-04T22:36:29.291568491
findSala,2026-06-04T22:36:29.291639252
findSala,2026-06-04T22:36:29.292401864
addMedicament,2026-06-04T22:36:29.296931226
findMedicamentByName,2026-06-04T22:36:29.297142124
deleteMedicament,2026-06-04T22:36:29.297437224
findMedicamentByName,2026-06-04T22:36:29.29752907
findMedicamentByName,2026-06-04T22:36:29.297830309
addMedic,2026-06-04T22:36:29.298634328
addMedic,2026-06-04T22:36:29.299204765
findMedicById,2026-06-04T22:36:29.299447602
salveaza_medic_db,2026-06-04T22:36:29.468727758
cauta_medic_db,2026-06-04T22:36:29.469556854
actualizeaza_medic_db,2026-06-04T22:36:29.471418696
cauta_medic_db,2026-06-04T22:36:29.472773572
listeaza_medici_db,2026-06-04T22:36:29.473679599
sterge_medic_db,2026-06-04T22:36:29.475311931
cauta_medic_db,2026-06-04T22:36:29.475855061
listeaza_medici_db,2026-06-04T22:36:29.476313094
salveaza_medic_db,2026-06-04T22:36:29.477602615
cauta_medic_db,2026-06-04T22:36:29.477906868
sterge_medic_db,2026-06-04T22:36:29.478421754
salveaza_sala_db,2026-06-04T22:36:29.47979454
actualizeaza_sala_db,2026-06-04T22:36:29.480461629
cauta_sala_db,2026-06-04T22:36:29.480809641
sterge_sala_db,2026-06-04T22:36:29.48122818
cauta_sala_db,2026-06-04T22:36:29.481483124
salveaza_medicament_db,2026-06-04T22:36:29.48261802
cauta_medicament_db,2026-06-04T22:36:29.483345698
actualizeaza_medicament_db,2026-06-04T22:36:29.483917652
cauta_medicament_db,2026-06-04T22:36:29.484189008
sterge_medicament_db,2026-06-04T22:36:29.484825624
cauta_medicament_db,2026-06-04T22:36:29.485150229
salveaza_medic_db,2026-06-04T22:36:29.486533827
interneaza_pacient_db,2026-06-04T22:36:29.489834044
cauta_pacient_db,2026-06-04T22:36:29.491712104
salveaza_medicament_db,2026-06-04T22:36:29.493279793
listeaza_pacienti_db,2026-06-04T22:36:29.494312071
prescrie_medicament_db,2026-06-04T22:36:29.496396601
cauta_medicament_db,2026-06-04T22:36:29.496870955
listeaza_pacienti_db,2026-06-04T22:36:29.497919227
prescrie_medicament_rollback,2026-06-04T22:36:29.499300331
cauta_medicament_db,2026-06-04T22:36:29.501757645
raport_pacienti_urgenti,2026-06-04T22:36:29.506017831
raport_pacienti_per_medic,2026-06-04T22:36:29.509357999
raport_top_medicamente,2026-06-04T22:36:29.513221728
listeaza_pacienti_db,2026-06-04T22:36:29.514389001
raport_prescriptii_pacient,2026-06-04T22:36:29.5169846
checker_actiune_1,2026-06-04T22:36:29.517639104
checker_actiune_2,2026-06-04T22:36:29.519850475
checker_concurent_1,2026-06-04T22:36:29.522828906
checker_concurent_5,2026-06-04T22:36:29.524164581
checker_concurent_5,2026-06-04T22:36:29.524645135
checker_concurent_5,2026-06-04T22:36:29.524734274
checker_concurent_5,2026-06-04T22:36:29.524857266
checker_concurent_5,2026-06-04T22:36:29.524965189
checker_concurent_7,2026-06-04T22:36:29.525167322
checker_concurent_7,2026-06-04T22:36:29.525400049
checker_concurent_7,2026-06-04T22:36:29.52548933
checker_concurent_7,2026-06-04T22:36:29.525571576
checker_concurent_7,2026-06-04T22:36:29.525638183
checker_concurent_7,2026-06-04T22:36:29.52571765
checker_concurent_7,2026-06-04T22:36:29.525784613
checker_concurent_7,2026-06-04T22:36:29.5258518
checker_concurent_7,2026-06-04T22:36:29.525931674
checker_concurent_7,2026-06-04T22:36:29.525996581
checker_concurent_6,2026-06-04T22:36:29.530132735
checker_concurent_6,2026-06-04T22:36:29.530296697
checker_concurent_6,2026-06-04T22:36:29.530363192
checker_concurent_6,2026-06-04T22:36:29.530417968
checker_concurent_6,2026-06-04T22:36:29.530476237
checker_concurent_6,2026-06-04T22:36:29.530525505
checker_concurent_6,2026-06-04T22:36:29.5305746
checker_concurent_6,2026-06-04T22:36:29.530619938
checker_concurent_6,2026-06-04T22:36:29.530665123
checker_concurent_6,2026-06-04T22:36:29.530744539
checker_concurent_6,2026-06-04T22:36:29.530795008
checker_concurent_1,2026-06-04T22:36:29.530871267
checker_concurent_1,2026-06-04T22:36:29.530980158
checker_concurent_1,2026-06-04T22:36:29.531054584
checker_concurent_1,2026-06-04T22:36:29.531137767
checker_concurent_1,2026-06-04T22:36:29.531190334
checker_concurent_1,2026-06-04T22:36:29.531237066
checker_concurent_1,2026-06-04T22:36:29.531321837
checker_concurent_1,2026-06-04T22:36:29.531379138
checker_concurent_1,2026-06-04T22:36:29.531428203
checker_concurent_1,2026-06-04T22:36:29.531471688
checker_concurent_1,2026-06-04T22:36:29.53152284
checker_concurent_1,2026-06-04T22:36:29.531574154
checker_concurent_1,2026-06-04T22:36:29.531618698
checker_concurent_1,2026-06-04T22:36:29.531688624
checker_concurent_1,2026-06-04T22:36:29.531747839
checker_concurent_1,2026-06-04T22:36:29.531793758
checker_concurent_1,2026-06-04T22:36:29.53187132
checker_concurent_1,2026-06-04T22:36:29.531929782
checker_concurent_1,2026-06-04T22:36:29.53210473
checker_concurent_1,2026-06-04T22:36:29.532212979
checker_concurent_1,2026-06-04T22:36:29.532287294
checker_concurent_1,2026-06-04T22:36:29.532373897
checker_concurent_1,2026-06-04T22:36:29.532561775
checker_concurent_1,2026-06-04T22:36:29.532625389
checker_concurent_4,2026-06-04T22:36:29.53275
checker_concurent_4,2026-06-04T22:36:29.53285493
checker_concurent_4,2026-06-04T22:36:29.532980182
checker_concurent_4,2026-06-04T22:36:29.533055952
checker_concurent_4,2026-06-04T22:36:29.533110545
checker_concurent_4,2026-06-04T22:36:29.533158602
checker_concurent_4,2026-06-04T22:36:29.533203237
checker_concurent_4,2026-06-04T22:36:29.533256792
checker_concurent_4,2026-06-04T22:36:29.533319754
checker_concurent_4,2026-06-04T22:36:29.533396563
checker_concurent_4,2026-06-04T22:36:29.533460115
checker_concurent_4,2026-06-04T22:36:29.533518801
checker_concurent_4,2026-06-04T22:36:29.533560922
checker_concurent_4,2026-06-04T22:36:29.533599326
checker_concurent_4,2026-06-04T22:36:29.533636702
checker_concurent_4,2026-06-04T22:36:29.533690084
checker_concurent_4,2026-06-04T22:36:29.533736297
checker_concurent_4,2026-06-04T22:36:29.53377685
checker_concurent_3,2026-06-04T22:36:29.533892308
checker_concurent_3,2026-06-04T22:36:29.533979125
checker_concurent_3,2026-06-04T22:36:29.534048512
checker_concurent_3,2026-06-04T22:36:29.534099836
checker_concurent_3,2026-06-04T22:36:29.534140206
checker_concurent_3,2026-06-04T22:36:29.534185564
checker_concurent_3,2026-06-04T22:36:29.534227542
checker_concurent_3,2026-06-04T22:36:29.534272147
checker_concurent_3,2026-06-04T22:36:29.534310623
checker_concurent_3,2026-06-04T22:36:29.534346727
checker_concurent_3,2026-06-04T22:36:29.534384785
checker_concurent_3,2026-06-04T22:36:29.534439307
checker_concurent_3,2026-06-04T22:36:29.534480378
checker_concurent_3,2026-06-04T22:36:29.534522835
checker_concurent_3,2026-06-04T22:36:29.53456968
checker_concurent_3,2026-06-04T22:36:29.534612004
checker_concurent_3,2026-06-04T22:36:29.534647782
checker_concurent_3,2026-06-04T22:36:29.534684578
checker_concurent_3,2026-06-04T22:36:29.534722809
checker_concurent_3,2026-06-04T22:36:29.534756479
checker_concurent_3,2026-06-04T22:36:29.534794772
checker_concurent_3,2026-06-04T22:36:29.534890416
checker_concurent_2,2026-06-04T22:36:29.535018153
checker_concurent_2,2026-06-04T22:36:29.535143568
checker_concurent_2,2026-06-04T22:36:29.535210653
checker_concurent_2,2026-06-04T22:36:29.535261266
checker_concurent_2,2026-06-04T22:36:29.535297786
checker_concurent_2,2026-06-04T22:36:29.535338217
checker_concurent_2,2026-06-04T22:36:29.535382109
checker_concurent_2,2026-06-04T22:36:29.535431011
checker_concurent_2,2026-06-04T22:36:29.535476939
checker_concurent_2,2026-06-04T22:36:29.535516464
checker_concurent_2,2026-06-04T22:36:29.535558574
checker_concurent_2,2026-06-04T22:36:29.535599239
checker_concurent_2,2026-06-04T22:36:29.535637022
checker_concurent_2,2026-06-04T22:36:29.535672698
checker_concurent_2,2026-06-04T22:36:29.535709117
checker_concurent_2,2026-06-04T22:36:29.535750342
checker_concurent_2,2026-06-04T22:36:29.535785549
checker_concurent_2,2026-06-04T22:36:29.535819352
checker_concurent_2,2026-06-04T22:36:29.535860098
checker_concurent_2,2026-06-04T22:36:29.535902249
checker_concurent_2,2026-06-04T22:36:29.535938108
checker_concurent_2,2026-06-04T22:36:29.535974283
checker_concurent_2,2026-06-04T22:36:29.536083286
checker_concurent_2,2026-06-04T22:36:29.536122841
checker_concurent_2,2026-06-04T22:36:29.536174613
checker_concurent_0,2026-06-04T22:36:29.536267387
checker_concurent_0,2026-06-04T22:36:29.536379963
checker_concurent_0,2026-06-04T22:36:29.536441907
checker_concurent_0,2026-06-04T22:36:29.536484252
checker_concurent_0,2026-06-04T22:36:29.536547753
checker_concurent_0,2026-06-04T22:36:29.536600768
checker_concurent_0,2026-06-04T22:36:29.536675663
checker_concurent_0,2026-06-04T22:36:29.536740132
checker_concurent_0,2026-06-04T22:36:29.53679223
checker_concurent_3,2026-06-04T22:36:29.536866779
checker_concurent_3,2026-06-04T22:36:29.536961212
checker_concurent_3,2026-06-04T22:36:29.53701106
checker_concurent_4,2026-06-04T22:36:29.537079836
checker_concurent_4,2026-06-04T22:36:29.537154436
checker_concurent_4,2026-06-04T22:36:29.537223435
checker_concurent_4,2026-06-04T22:36:29.53726019
checker_concurent_4,2026-06-04T22:36:29.537294023
checker_concurent_4,2026-06-04T22:36:29.537328182
checker_concurent_4,2026-06-04T22:36:29.537366047
checker_concurent_6,2026-06-04T22:36:29.537436747
checker_concurent_6,2026-06-04T22:36:29.537498396
checker_concurent_6,2026-06-04T22:36:29.537556267
checker_concurent_6,2026-06-04T22:36:29.537593724
checker_concurent_6,2026-06-04T22:36:29.537646902
checker_concurent_6,2026-06-04T22:36:29.537696038
checker_concurent_6,2026-06-04T22:36:29.537776217
checker_concurent_6,2026-06-04T22:36:29.53783757
checker_concurent_6,2026-06-04T22:36:29.537876219
checker_concurent_6,2026-06-04T22:36:29.537919755
checker_concurent_6,2026-06-04T22:36:29.537952223
checker_concurent_6,2026-06-04T22:36:29.537982452
checker_concurent_6,2026-06-04T22:36:29.538022058
checker_concurent_6,2026-06-04T22:36:29.538087627
checker_concurent_7,2026-06-04T22:36:29.5381518
checker_concurent_7,2026-06-04T22:36:29.53822418
checker_concurent_7,2026-06-04T22:36:29.53826065
checker_concurent_7,2026-06-04T22:36:29.538303514
checker_concurent_7,2026-06-04T22:36:29.538383663
checker_concurent_7,2026-06-04T22:36:29.538420489
checker_concurent_7,2026-06-04T22:36:29.538495648
checker_concurent_7,2026-06-04T22:36:29.538538085
checker_concurent_7,2026-06-04T22:36:29.538582557
checker_concurent_7,2026-06-04T22:36:29.538614822
checker_concurent_7,2026-06-04T22:36:29.538655884
checker_concurent_7,2026-06-04T22:36:29.538687579
checker_concurent_7,2026-06-04T22:36:29.538718673
checker_concurent_19,2026-06-04T22:36:29.538835801
checker_concurent_19,2026-06-04T22:36:29.539022844
checker_concurent_19,2026-06-04T22:36:29.539104214
checker_concurent_19,2026-06-04T22:36:29.539286177
checker_concurent_19,2026-06-04T22:36:29.539356154
checker_concurent_19,2026-06-04T22:36:29.539406838
checker_concurent_19,2026-06-04T22:36:29.539463752
checker_concurent_19,2026-06-04T22:36:29.539560853
checker_concurent_19,2026-06-04T22:36:29.539653606
checker_concurent_19,2026-06-04T22:36:29.539856441
checker_concurent_19,2026-06-04T22:36:29.5399389
checker_concurent_19,2026-06-04T22:36:29.540023294
checker_concurent_19,2026-06-04T22:36:29.540085381
checker_concurent_19,2026-06-04T22:36:29.540131798
checker_concurent_19,2026-06-04T22:36:29.540343654
checker_concurent_19,2026-06-04T22:36:29.540475524
checker_concurent_19,2026-06-04T22:36:29.540550459
checker_concurent_19,2026-06-04T22:36:29.540624916
checker_concurent_19,2026-06-04T22:36:29.540676862
checker_concurent_19,2026-06-04T22:36:29.540716631
checker_concurent_19,2026-06-04T22:36:29.540761226
checker_concurent_19,2026-06-04T22:36:29.540799997
checker_concurent_19,2026-06-04T22:36:29.540837688
checker_concurent_19,2026-06-04T22:36:29.540873527
checker_concurent_19,2026-06-04T22:36:29.540912929
checker_concurent_18,2026-06-04T22:36:29.540992691
checker_concurent_18,2026-06-04T22:36:29.541087633
checker_concurent_17,2026-06-04T22:36:29.541178462
checker_concurent_17,2026-06-04T22:36:29.541272742
checker_concurent_16,2026-06-04T22:36:29.541391274
checker_concurent_16,2026-06-04T22:36:29.541476636
checker_concurent_16,2026-06-04T22:36:29.541510163
checker_concurent_16,2026-06-04T22:36:29.541537969
checker_concurent_16,2026-06-04T22:36:29.541565163
checker_concurent_16,2026-06-04T22:36:29.541590067
checker_concurent_16,2026-06-04T22:36:29.541624114
checker_concurent_16,2026-06-04T22:36:29.541648112
checker_concurent_16,2026-06-04T22:36:29.541674329
checker_concurent_16,2026-06-04T22:36:29.541698235
checker_concurent_16,2026-06-04T22:36:29.541721876
checker_concurent_16,2026-06-04T22:36:29.541744998
checker_concurent_16,2026-06-04T22:36:29.541768365
checker_concurent_16,2026-06-04T22:36:29.541792098
checker_concurent_16,2026-06-04T22:36:29.541814416
checker_concurent_16,2026-06-04T22:36:29.541838159
checker_concurent_16,2026-06-04T22:36:29.541861729
checker_concurent_16,2026-06-04T22:36:29.541883151
checker_concurent_16,2026-06-04T22:36:29.541905041
checker_concurent_16,2026-06-04T22:36:29.541929914
checker_concurent_16,2026-06-04T22:36:29.541953759
checker_concurent_16,2026-06-04T22:36:29.54197628
checker_concurent_16,2026-06-04T22:36:29.541998731
checker_concurent_16,2026-06-04T22:36:29.542022647
checker_concurent_16,2026-06-04T22:36:29.54206659
checker_concurent_15,2026-06-04T22:36:29.54212833
checker_concurent_14,2026-06-04T22:36:29.542225512
checker_concurent_13,2026-06-04T22:36:29.542306903
checker_concurent_13,2026-06-04T22:36:29.542356975
checker_concurent_13,2026-06-04T22:36:29.542383712
checker_concurent_13,2026-06-04T22:36:29.54240944
checker_concurent_13,2026-06-04T22:36:29.542437999
checker_concurent_13,2026-06-04T22:36:29.542459431
checker_concurent_13,2026-06-04T22:36:29.542480486
checker_concurent_13,2026-06-04T22:36:29.542502
checker_concurent_13,2026-06-04T22:36:29.542522454
checker_concurent_13,2026-06-04T22:36:29.542543988
checker_concurent_13,2026-06-04T22:36:29.542563139
checker_concurent_13,2026-06-04T22:36:29.54258224
checker_concurent_13,2026-06-04T22:36:29.542601849
checker_concurent_13,2026-06-04T22:36:29.54262212
checker_concurent_12,2026-06-04T22:36:29.542722306
checker_concurent_11,2026-06-04T22:36:29.542885474
checker_concurent_11,2026-06-04T22:36:29.542956998
checker_concurent_10,2026-06-04T22:36:29.543044722
checker_concurent_10,2026-06-04T22:36:29.543116542
checker_concurent_10,2026-06-04T22:36:29.543150578
checker_concurent_10,2026-06-04T22:36:29.54317479
checker_concurent_10,2026-06-04T22:36:29.543194898
checker_concurent_10,2026-06-04T22:36:29.543213805
checker_concurent_10,2026-06-04T22:36:29.543233384
checker_concurent_5,2026-06-04T22:36:29.543321861
checker_concurent_5,2026-06-04T22:36:29.543415653
checker_concurent_9,2026-06-04T22:36:29.543490232
checker_concurent_9,2026-06-04T22:36:29.543544702
checker_concurent_9,2026-06-04T22:36:29.543577069
checker_concurent_9,2026-06-04T22:36:29.543599825
checker_concurent_9,2026-06-04T22:36:29.543621583
checker_concurent_9,2026-06-04T22:36:29.543642231
checker_concurent_9,2026-06-04T22:36:29.543661911
checker_concurent_9,2026-06-04T22:36:29.543682508
checker_concurent_9,2026-06-04T22:36:29.543701813
checker_concurent_9,2026-06-04T22:36:29.543722532
checker_concurent_9,2026-06-04T22:36:29.543740319
checker_concurent_9,2026-06-04T22:36:29.543758238
checker_concurent_9,2026-06-04T22:36:29.543775659
checker_concurent_9,2026-06-04T22:36:29.543793944
checker_concurent_9,2026-06-04T22:36:29.543813381
checker_concurent_9,2026-06-04T22:36:29.543831473
checker_concurent_9,2026-06-04T22:36:29.543849077
checker_concurent_9,2026-06-04T22:36:29.54386717
checker_concurent_9,2026-06-04T22:36:29.543885639
checker_concurent_9,2026-06-04T22:36:29.543923045
checker_concurent_9,2026-06-04T22:36:29.54394124
checker_concurent_9,2026-06-04T22:36:29.543959495
checker_concurent_9,2026-06-04T22:36:29.543977435
checker_concurent_9,2026-06-04T22:36:29.543994967
checker_concurent_9,2026-06-04T22:36:29.544012286
checker_concurent_8,2026-06-04T22:36:29.544079392
checker_concurent_8,2026-06-04T22:36:29.544155417
checker_concurent_8,2026-06-04T22:36:29.544208808
checker_concurent_8,2026-06-04T22:36:29.544236492
checker_concurent_8,2026-06-04T22:36:29.544258718
checker_concurent_8,2026-06-04T22:36:29.544279793
checker_concurent_8,2026-06-04T22:36:29.544300574
checker_concurent_8,2026-06-04T22:36:29.544320407
checker_concurent_8,2026-06-04T22:36:29.544354851
checker_concurent_8,2026-06-04T22:36:29.544386332
checker_concurent_8,2026-06-04T22:36:29.544413191
checker_concurent_8,2026-06-04T22:36:29.544442462
checker_concurent_8,2026-06-04T22:36:29.544467824
checker_concurent_8,2026-06-04T22:36:29.54449563
checker_concurent_8,2026-06-04T22:36:29.544524922
checker_concurent_8,2026-06-04T22:36:29.544601283
checker_concurent_8,2026-06-04T22:36:29.544641398
checker_concurent_8,2026-06-04T22:36:29.544673164
checker_concurent_8,2026-06-04T22:36:29.544716435
checker_concurent_8,2026-06-04T22:36:29.544750024
checker_concurent_8,2026-06-04T22:36:29.544780161
checker_concurent_8,2026-06-04T22:36:29.544810797
checker_concurent_8,2026-06-04T22:36:29.544901962
checker_concurent_8,2026-06-04T22:36:29.544943115
checker_concurent_8,2026-06-04T22:36:29.54498657
checker_concurent_5,2026-06-04T22:36:29.545047373
checker_concurent_5,2026-06-04T22:36:29.545130148
checker_concurent_5,2026-06-04T22:36:29.545194882
checker_concurent_5,2026-06-04T22:36:29.545231759
checker_concurent_5,2026-06-04T22:36:29.545265165
checker_concurent_5,2026-06-04T22:36:29.545366806
checker_concurent_5,2026-06-04T22:36:29.545526197
checker_concurent_5,2026-06-04T22:36:29.54559541
checker_concurent_5,2026-06-04T22:36:29.545771213
checker_concurent_5,2026-06-04T22:36:29.545839877
checker_concurent_5,2026-06-04T22:36:29.545879941
checker_concurent_5,2026-06-04T22:36:29.546025913
checker_concurent_5,2026-06-04T22:36:29.546107497
checker_concurent_5,2026-06-04T22:36:29.546150992
checker_concurent_5,2026-06-04T22:36:29.546179734
checker_concurent_5,2026-06-04T22:36:29.546208008
checker_concurent_5,2026-06-04T22:36:29.546251116
checker_concurent_5,2026-06-04T22:36:29.546278525
checker_concurent_10,2026-06-04T22:36:29.546323568
checker_concurent_10,2026-06-04T22:36:29.546377336
checker_concurent_10,2026-06-04T22:36:29.54641462
checker_concurent_10,2026-06-04T22:36:29.546450092
checker_concurent_10,2026-06-04T22:36:29.54647688
checker_concurent_10,2026-06-04T22:36:29.546494789
checker_concurent_10,2026-06-04T22:36:29.546514633
checker_concurent_10,2026-06-04T22:36:29.546551245
checker_concurent_10,2026-06-04T22:36:29.546567973
checker_concurent_10,2026-06-04T22:36:29.546584681
checker_concurent_10,2026-06-04T22:36:29.546599831
checker_concurent_10,2026-06-04T22:36:29.546615572
checker_concurent_10,2026-06-04T22:36:29.546636209
checker_concurent_10,2026-06-04T22:36:29.546663475
checker_concurent_10,2026-06-04T22:36:29.546679521
checker_concurent_10,2026-06-04T22:36:29.546694346
checker_concurent_10,2026-06-04T22:36:29.546709312
checker_concurent_10,2026-06-04T22:36:29.546751026
checker_concurent_11,2026-06-04T22:36:29.546806006
checker_concurent_11,2026-06-04T22:36:29.546864356
checker_concurent_11,2026-06-04T22:36:29.546901233
checker_concurent_11,2026-06-04T22:36:29.54693084
checker_concurent_11,2026-06-04T22:36:29.546957485
checker_concurent_11,2026-06-04T22:36:29.546986034
checker_concurent_11,2026-06-04T22:36:29.547009166
checker_concurent_11,2026-06-04T22:36:29.54704695
checker_concurent_11,2026-06-04T22:36:29.547085904
checker_concurent_11,2026-06-04T22:36:29.547146871
checker_concurent_11,2026-06-04T22:36:29.547184012
checker_concurent_11,2026-06-04T22:36:29.54722986
checker_concurent_11,2026-06-04T22:36:29.547262797
checker_concurent_11,2026-06-04T22:36:29.547294603
checker_concurent_11,2026-06-04T22:36:29.54732023
checker_concurent_11,2026-06-04T22:36:29.547344686
checker_concurent_11,2026-06-04T22:36:29.547376656
checker_concurent_11,2026-06-04T22:36:29.547398709
checker_concurent_11,2026-06-04T22:36:29.547422167
checker_concurent_11,2026-06-04T22:36:29.547446297
checker_concurent_11,2026-06-04T22:36:29.547470295
checker_concurent_11,2026-06-04T22:36:29.547494526
checker_concurent_11,2026-06-04T22:36:29.547518382
checker_concurent_12,2026-06-04T22:36:29.547558751
checker_concurent_12,2026-06-04T22:36:29.547611725
checker_concurent_12,2026-06-04T22:36:29.547641628
checker_concurent_12,2026-06-04T22:36:29.547665239
checker_concurent_12,2026-06-04T22:36:29.547686976
checker_concurent_12,2026-06-04T22:36:29.547707461
checker_concurent_12,2026-06-04T22:36:29.547729596
checker_concurent_12,2026-06-04T22:36:29.54775005
checker_concurent_12,2026-06-04T22:36:29.547770973
checker_concurent_12,2026-06-04T22:36:29.54779211
checker_concurent_12,2026-06-04T22:36:29.547813807
checker_concurent_12,2026-06-04T22:36:29.547834719
checker_concurent_12,2026-06-04T22:36:29.547855215
checker_concurent_12,2026-06-04T22:36:29.547875914
checker_concurent_12,2026-06-04T22:36:29.547916354
checker_concurent_12,2026-06-04T22:36:29.547937746
checker_concurent_12,2026-06-04T22:36:29.547959015
checker_concurent_12,2026-06-04T22:36:29.54797954
checker_concurent_12,2026-06-04T22:36:29.547999679
checker_concurent_12,2026-06-04T22:36:29.548021967
checker_concurent_12,2026-06-04T22:36:29.548062916
checker_concurent_12,2026-06-04T22:36:29.548087617
checker_concurent_12,2026-06-04T22:36:29.548109252
checker_concurent_12,2026-06-04T22:36:29.54813047
checker_concurent_13,2026-06-04T22:36:29.54816356
checker_concurent_13,2026-06-04T22:36:29.548204347
checker_concurent_13,2026-06-04T22:36:29.54823373
checker_concurent_13,2026-06-04T22:36:29.54825895
checker_concurent_13,2026-06-04T22:36:29.548279191
checker_concurent_13,2026-06-04T22:36:29.548298495
checker_concurent_13,2026-06-04T22:36:29.548319957
checker_concurent_13,2026-06-04T22:36:29.548340178
checker_concurent_13,2026-06-04T22:36:29.548358606
checker_concurent_13,2026-06-04T22:36:29.548377666
checker_concurent_13,2026-06-04T22:36:29.548396491
checker_concurent_14,2026-06-04T22:36:29.54843628
checker_concurent_14,2026-06-04T22:36:29.548486801
checker_concurent_14,2026-06-04T22:36:29.54853671
checker_concurent_14,2026-06-04T22:36:29.548562011
checker_concurent_14,2026-06-04T22:36:29.548586864
checker_concurent_14,2026-06-04T22:36:29.548609874
checker_concurent_14,2026-06-04T22:36:29.548632823
checker_concurent_14,2026-06-04T22:36:29.548655629
checker_concurent_14,2026-06-04T22:36:29.548679709
checker_concurent_14,2026-06-04T22:36:29.548703503
checker_concurent_14,2026-06-04T22:36:29.548726961
checker_concurent_14,2026-06-04T22:36:29.548748841
checker_concurent_14,2026-06-04T22:36:29.548772594
checker_concurent_14,2026-06-04T22:36:29.548795838
checker_concurent_14,2026-06-04T22:36:29.548818696
checker_concurent_14,2026-06-04T22:36:29.548844292
checker_concurent_14,2026-06-04T22:36:29.548867607
checker_concurent_14,2026-06-04T22:36:29.548902692
checker_concurent_14,2026-06-04T22:36:29.548927759
checker_concurent_14,2026-06-04T22:36:29.548953569
checker_concurent_14,2026-06-04T22:36:29.548976956
checker_concurent_14,2026-06-04T22:36:29.549000607
checker_concurent_14,2026-06-04T22:36:29.549024167
checker_concurent_14,2026-06-04T22:36:29.54906022
checker_concurent_15,2026-06-04T22:36:29.549136418
checker_concurent_15,2026-06-04T22:36:29.549244239
checker_concurent_15,2026-06-04T22:36:29.549280078
checker_concurent_15,2026-06-04T22:36:29.549321751
checker_concurent_15,2026-06-04T22:36:29.549348029
checker_concurent_15,2026-06-04T22:36:29.549370652
checker_concurent_15,2026-06-04T22:36:29.549394823
checker_concurent_15,2026-06-04T22:36:29.549418179
checker_concurent_15,2026-06-04T22:36:29.549442483
checker_concurent_15,2026-06-04T22:36:29.54948049
checker_concurent_15,2026-06-04T22:36:29.549506361
checker_concurent_15,2026-06-04T22:36:29.549530562
checker_concurent_15,2026-06-04T22:36:29.549554204
checker_concurent_15,2026-06-04T22:36:29.549577214
checker_concurent_15,2026-06-04T22:36:29.5496062
checker_concurent_15,2026-06-04T22:36:29.549640726
checker_concurent_15,2026-06-04T22:36:29.549665344
checker_concurent_15,2026-06-04T22:36:29.549692763
checker_concurent_15,2026-06-04T22:36:29.549718115
checker_concurent_15,2026-06-04T22:36:29.549743029
checker_concurent_15,2026-06-04T22:36:29.549766915
checker_concurent_15,2026-06-04T22:36:29.550128784
checker_concurent_15,2026-06-04T22:36:29.550329623
checker_concurent_15,2026-06-04T22:36:29.550381416
checker_concurent_17,2026-06-04T22:36:29.550425492
checker_concurent_17,2026-06-04T22:36:29.550512055
checker_concurent_17,2026-06-04T22:36:29.550631208
checker_concurent_17,2026-06-04T22:36:29.550692877
checker_concurent_17,2026-06-04T22:36:29.55071771
checker_concurent_17,2026-06-04T22:36:29.550738928
checker_concurent_17,2026-06-04T22:36:29.550758619
checker_concurent_17,2026-06-04T22:36:29.550778992
checker_concurent_17,2026-06-04T22:36:29.550800913
checker_concurent_17,2026-06-04T22:36:29.550836008
checker_concurent_17,2026-06-04T22:36:29.550892943
checker_concurent_17,2026-06-04T22:36:29.550930573
checker_concurent_17,2026-06-04T22:36:29.550957147
checker_concurent_17,2026-06-04T22:36:29.550978436
checker_concurent_17,2026-06-04T22:36:29.550999767
checker_concurent_17,2026-06-04T22:36:29.551019193
checker_concurent_17,2026-06-04T22:36:29.551044728
checker_concurent_17,2026-06-04T22:36:29.551073511
checker_concurent_17,2026-06-04T22:36:29.551095177
checker_concurent_17,2026-06-04T22:36:29.551118177
checker_concurent_17,2026-06-04T22:36:29.551165989
checker_concurent_17,2026-06-04T22:36:29.551184967
checker_concurent_17,2026-06-04T22:36:29.551220144
checker_concurent_18,2026-06-04T22:36:29.551252419
checker_concurent_18,2026-06-04T22:36:29.55129171
checker_concurent_18,2026-06-04T22:36:29.551311472
checker_concurent_18,2026-06-04T22:36:29.55132935
checker_concurent_18,2026-06-04T22:36:29.551346455
checker_concurent_18,2026-06-04T22:36:29.551366767
checker_concurent_18,2026-06-04T22:36:29.551393341
checker_concurent_18,2026-06-04T22:36:29.551419426
checker_concurent_18,2026-06-04T22:36:29.551448087
checker_concurent_18,2026-06-04T22:36:29.551495135
checker_concurent_18,2026-06-04T22:36:29.551519285
checker_concurent_18,2026-06-04T22:36:29.551540728
checker_concurent_18,2026-06-04T22:36:29.551563178
checker_concurent_18,2026-06-04T22:36:29.551580649
checker_concurent_18,2026-06-04T22:36:29.551597998
checker_concurent_18,2026-06-04T22:36:29.551615745
checker_concurent_18,2026-06-04T22:36:29.55163455
checker_concurent_18,2026-06-04T22:36:29.55165423
checker_concurent_18,2026-06-04T22:36:29.55167667
checker_concurent_18,2026-06-04T22:36:29.551697705
checker_concurent_18,2026-06-04T22:36:29.551714851
checker_concurent_18,2026-06-04T22:36:29.551732709
checker_concurent_18,2026-06-04T22:36:29.551751443
checker_concurent_7,2026-06-04T22:36:29.5517967
checker_concurent_7,2026-06-04T22:36:29.551859814
checker_concurent_0,2026-06-04T22:36:29.551926869
checker_concurent_0,2026-06-04T22:36:29.551971006
checker_concurent_0,2026-06-04T22:36:29.55200826
checker_concurent_0,2026-06-04T22:36:29.552053639
checker_concurent_0,2026-06-04T22:36:29.552096574
checker_concurent_0,2026-06-04T22:36:29.552118922
checker_concurent_0,2026-06-04T22:36:29.552136587
checker_concurent_0,2026-06-04T22:36:29.552155901
checker_concurent_0,2026-06-04T22:36:29.55217267
checker_concurent_0,2026-06-04T22:36:29.55219286
checker_concurent_0,2026-06-04T22:36:29.552213427
checker_concurent_0,2026-06-04T22:36:29.552232873
checker_concurent_0,2026-06-04T22:36:29.552252085
checker_concurent_0,2026-06-04T22:36:29.552271298
checker_concurent_0,2026-06-04T22:36:29.55229159
checker_concurent_0,2026-06-04T22:36:29.552309081
addMedic,2026-06-04T22:37:17.244846025
addMedic,2026-06-04T22:37:17.248166173
findMedicById,2026-06-04T22:37:17.248342086
findMediciByDepartament,2026-06-04T22:37:17.248484942
getSortedMedici,2026-06-04T22:37:17.248612582
deleteMedic,2026-06-04T22:37:17.248928062
findMedicById,2026-06-04T22:37:17.249061867
findMediciByDepartament,2026-06-04T22:37:17.249178972
deleteMedic,2026-06-04T22:37:17.249278696
findMedicById,2026-06-04T22:37:17.249383673
addPacient,2026-06-04T22:37:17.251021369
addPacient,2026-06-04T22:37:17.251430771
findPacientByName,2026-06-04T22:37:17.251553599
findPacientiByDiagnostic,2026-06-04T22:37:17.2516818
getUrgentPacienti,2026-06-04T22:37:17.251800419
getUrgentPacienti,2026-06-04T22:37:17.251910728
deletePacient,2026-06-04T22:37:17.252021227
findPacientByName,2026-06-04T22:37:17.252115017
deletePacient,2026-06-04T22:37:17.252230268
findPacientByName,2026-06-04T22:37:17.25238439
findPacientiByDiagnostic,2026-06-04T22:37:17.252527185
addSala,2026-06-04T22:37:17.253816424
addSala,2026-06-04T22:37:17.253978404
findSala,2026-06-04T22:37:17.254128597
getAllSali,2026-06-04T22:37:17.254262682
findSala,2026-06-04T22:37:17.254371156
findSala,2026-06-04T22:37:17.254475471
deleteSala,2026-06-04T22:37:17.25458137
findSala,2026-06-04T22:37:17.254685745
deleteSala,2026-06-04T22:37:17.254818096
findSala,2026-06-04T22:37:17.254918522
findSala,2026-06-04T22:37:17.255689092
addMedicament,2026-06-04T22:37:17.260908179
findMedicamentByName,2026-06-04T22:37:17.261106165
deleteMedicament,2026-06-04T22:37:17.261440951
findMedicamentByName,2026-06-04T22:37:17.261562446
findMedicamentByName,2026-06-04T22:37:17.261903968
addMedic,2026-06-04T22:37:17.262450401
addMedic,2026-06-04T22:37:17.262772508
findMedicById,2026-06-04T22:37:17.263079669
checker_actiune_1,2026-06-04T22:37:17.273093568
checker_actiune_2,2026-06-04T22:37:17.277055784
checker_concurent_0,2026-06-04T22:37:17.284267812
checker_concurent_4,2026-06-04T22:37:17.284927211
checker_concurent_8,2026-06-04T22:37:17.28544627
checker_concurent_8,2026-06-04T22:37:17.285649157
checker_concurent_9,2026-06-04T22:37:17.285894453
checker_concurent_9,2026-06-04T22:37:17.286064422
checker_concurent_9,2026-06-04T22:37:17.286204551
checker_concurent_9,2026-06-04T22:37:17.286303985
checker_concurent_9,2026-06-04T22:37:17.286400872
checker_concurent_9,2026-06-04T22:37:17.286519671
checker_concurent_9,2026-06-04T22:37:17.286633168
checker_concurent_9,2026-06-04T22:37:17.286721014
checker_concurent_9,2026-06-04T22:37:17.2868129
checker_concurent_9,2026-06-04T22:37:17.286890071
checker_concurent_9,2026-06-04T22:37:17.286987991
checker_concurent_9,2026-06-04T22:37:17.287112494
checker_concurent_9,2026-06-04T22:37:17.28718775
checker_concurent_9,2026-06-04T22:37:17.287282202
checker_concurent_9,2026-06-04T22:37:17.287384422
checker_concurent_9,2026-06-04T22:37:17.287495303
checker_concurent_9,2026-06-04T22:37:17.287586737
checker_concurent_9,2026-06-04T22:37:17.287678493
checker_concurent_9,2026-06-04T22:37:17.287776112
checker_concurent_9,2026-06-04T22:37:17.287856682
checker_concurent_9,2026-06-04T22:37:17.287929843
checker_concurent_9,2026-06-04T22:37:17.287999206
checker_concurent_9,2026-06-04T22:37:17.288095232
checker_concurent_9,2026-06-04T22:37:17.288179841
checker_concurent_9,2026-06-04T22:37:17.288264439
checker_concurent_7,2026-06-04T22:37:17.288512141
checker_concurent_7,2026-06-04T22:37:17.288692565
checker_concurent_7,2026-06-04T22:37:17.288821457
checker_concurent_7,2026-06-04T22:37:17.288908311
checker_concurent_7,2026-06-04T22:37:17.28898871
checker_concurent_0,2026-06-04T22:37:17.289153337
checker_concurent_0,2026-06-04T22:37:17.289321983
checker_concurent_0,2026-06-04T22:37:17.28945262
checker_concurent_0,2026-06-04T22:37:17.289561014
checker_concurent_0,2026-06-04T22:37:17.289686218
checker_concurent_0,2026-06-04T22:37:17.289800116
checker_concurent_0,2026-06-04T22:37:17.289937949
checker_concurent_0,2026-06-04T22:37:17.290061901
checker_concurent_0,2026-06-04T22:37:17.290201047
checker_concurent_0,2026-06-04T22:37:17.290288573
checker_concurent_0,2026-06-04T22:37:17.290387616
checker_concurent_0,2026-06-04T22:37:17.290459364
checker_concurent_0,2026-06-04T22:37:17.290549807
checker_concurent_0,2026-06-04T22:37:17.290653009
checker_concurent_0,2026-06-04T22:37:17.290732446
checker_concurent_0,2026-06-04T22:37:17.290797509
checker_concurent_0,2026-06-04T22:37:17.290862221
checker_concurent_0,2026-06-04T22:37:17.290932155
checker_concurent_0,2026-06-04T22:37:17.291031889
checker_concurent_0,2026-06-04T22:37:17.291127644
checker_concurent_0,2026-06-04T22:37:17.291198781
checker_concurent_0,2026-06-04T22:37:17.291351169
checker_concurent_0,2026-06-04T22:37:17.291419319
checker_concurent_0,2026-06-04T22:37:17.291541245
checker_concurent_6,2026-06-04T22:37:17.291684201
checker_concurent_6,2026-06-04T22:37:17.291819819
checker_concurent_6,2026-06-04T22:37:17.29194796
checker_concurent_6,2026-06-04T22:37:17.292040959
checker_concurent_6,2026-06-04T22:37:17.292141936
checker_concurent_6,2026-06-04T22:37:17.292212091
checker_concurent_6,2026-06-04T22:37:17.292304688
checker_concurent_6,2026-06-04T22:37:17.29238625
checker_concurent_6,2026-06-04T22:37:17.292470538
checker_concurent_6,2026-06-04T22:37:17.292714872
checker_concurent_6,2026-06-04T22:37:17.2928379
checker_concurent_6,2026-06-04T22:37:17.292907323
checker_concurent_6,2026-06-04T22:37:17.29296982
checker_concurent_6,2026-06-04T22:37:17.29304633
checker_concurent_6,2026-06-04T22:37:17.293114169
checker_concurent_6,2026-06-04T22:37:17.293176806
checker_concurent_6,2026-06-04T22:37:17.293250099
checker_concurent_6,2026-06-04T22:37:17.29331881
checker_concurent_6,2026-06-04T22:37:17.293387872
checker_concurent_6,2026-06-04T22:37:17.293457145
checker_concurent_6,2026-06-04T22:37:17.293528412
checker_concurent_6,2026-06-04T22:37:17.293592653
checker_concurent_6,2026-06-04T22:37:17.293657736
checker_concurent_6,2026-06-04T22:37:17.293785265
checker_concurent_6,2026-06-04T22:37:17.293886182
checker_concurent_5,2026-06-04T22:37:17.294244724
checker_concurent_5,2026-06-04T22:37:17.294492156
checker_concurent_5,2026-06-04T22:37:17.294723309
checker_concurent_5,2026-06-04T22:37:17.295109335
checker_concurent_5,2026-06-04T22:37:17.295206383
checker_concurent_5,2026-06-04T22:37:17.295274844
checker_concurent_5,2026-06-04T22:37:17.295355233
checker_concurent_5,2026-06-04T22:37:17.295419865
checker_concurent_5,2026-06-04T22:37:17.295486631
checker_concurent_5,2026-06-04T22:37:17.295546873
checker_concurent_5,2026-06-04T22:37:17.295612517
checker_concurent_5,2026-06-04T22:37:17.295674703
checker_concurent_5,2026-06-04T22:37:17.295731607
checker_concurent_5,2026-06-04T22:37:17.295789122
checker_concurent_5,2026-06-04T22:37:17.295853062
checker_concurent_5,2026-06-04T22:37:17.29592052
checker_concurent_5,2026-06-04T22:37:17.295976171
checker_concurent_5,2026-06-04T22:37:17.296046176
checker_concurent_5,2026-06-04T22:37:17.296129742
checker_concurent_5,2026-06-04T22:37:17.296186706
checker_concurent_5,2026-06-04T22:37:17.296249112
checker_concurent_5,2026-06-04T22:37:17.296304673
checker_concurent_5,2026-06-04T22:37:17.296368382
checker_concurent_5,2026-06-04T22:37:17.296420114
checker_concurent_5,2026-06-04T22:37:17.296492033
checker_concurent_3,2026-06-04T22:37:17.296660117
checker_concurent_3,2026-06-04T22:37:17.29678908
checker_concurent_2,2026-06-04T22:37:17.296926032
checker_concurent_2,2026-06-04T22:37:17.297089827
checker_concurent_2,2026-06-04T22:37:17.29720192
checker_concurent_2,2026-06-04T22:37:17.297295169
checker_concurent_2,2026-06-04T22:37:17.297358187
checker_concurent_2,2026-06-04T22:37:17.297424062
checker_concurent_2,2026-06-04T22:37:17.297487892
checker_concurent_2,2026-06-04T22:37:17.297550839
checker_concurent_2,2026-06-04T22:37:17.297612073
checker_concurent_2,2026-06-04T22:37:17.297669137
checker_concurent_2,2026-06-04T22:37:17.297729158
checker_concurent_2,2026-06-04T22:37:17.297786303
checker_concurent_2,2026-06-04T22:37:17.297862752
checker_concurent_2,2026-06-04T22:37:17.297971808
checker_concurent_1,2026-06-04T22:37:17.298090337
checker_concurent_1,2026-06-04T22:37:17.298197949
checker_concurent_1,2026-06-04T22:37:17.2982705
checker_concurent_1,2026-06-04T22:37:17.298331393
checker_concurent_1,2026-06-04T22:37:17.298397157
checker_concurent_1,2026-06-04T22:37:17.298469627
checker_concurent_1,2026-06-04T22:37:17.298545135
checker_concurent_1,2026-06-04T22:37:17.298633111
checker_concurent_1,2026-06-04T22:37:17.298718311
checker_concurent_1,2026-06-04T22:37:17.298800635
checker_concurent_1,2026-06-04T22:37:17.298891919
checker_concurent_1,2026-06-04T22:37:17.298980577
checker_concurent_1,2026-06-04T22:37:17.299078187
checker_concurent_1,2026-06-04T22:37:17.299170564
checker_concurent_1,2026-06-04T22:37:17.299253208
checker_concurent_1,2026-06-04T22:37:17.299350145
checker_concurent_1,2026-06-04T22:37:17.29944167
checker_concurent_1,2026-06-04T22:37:17.29951811
checker_concurent_1,2026-06-04T22:37:17.299607039
checker_concurent_1,2026-06-04T22:37:17.299707444
checker_concurent_1,2026-06-04T22:37:17.299784886
checker_concurent_1,2026-06-04T22:37:17.299849989
checker_concurent_1,2026-06-04T22:37:17.299903956
checker_concurent_1,2026-06-04T22:37:17.299954906
checker_concurent_1,2026-06-04T22:37:17.300004201
checker_concurent_2,2026-06-04T22:37:17.300109699
checker_concurent_2,2026-06-04T22:37:17.300220229
checker_concurent_2,2026-06-04T22:37:17.30030167
checker_concurent_2,2026-06-04T22:37:17.300360849
checker_concurent_2,2026-06-04T22:37:17.300429901
checker_concurent_2,2026-06-04T22:37:17.300503213
checker_concurent_2,2026-06-04T22:37:17.300567605
checker_concurent_2,2026-06-04T22:37:17.30062546
checker_concurent_2,2026-06-04T22:37:17.300687937
checker_concurent_2,2026-06-04T22:37:17.300753561
checker_concurent_2,2026-06-04T22:37:17.300827084
checker_concurent_3,2026-06-04T22:37:17.300992172
checker_concurent_3,2026-06-04T22:37:17.30117018
checker_concurent_3,2026-06-04T22:37:17.301296466
checker_concurent_3,2026-06-04T22:37:17.301380504
checker_concurent_3,2026-06-04T22:37:17.301456512
checker_concurent_3,2026-06-04T22:37:17.301533192
checker_concurent_3,2026-06-04T22:37:17.301628226
checker_concurent_3,2026-06-04T22:37:17.301756848
checker_concurent_3,2026-06-04T22:37:17.301853786
checker_concurent_3,2026-06-04T22:37:17.301969748
checker_concurent_3,2026-06-04T22:37:17.302054597
checker_concurent_3,2026-06-04T22:37:17.302157519
checker_concurent_3,2026-06-04T22:37:17.302235302
checker_concurent_3,2026-06-04T22:37:17.302331137
checker_concurent_3,2026-06-04T22:37:17.302387228
checker_concurent_3,2026-06-04T22:37:17.3024431
checker_concurent_3,2026-06-04T22:37:17.302509345
checker_concurent_3,2026-06-04T22:37:17.302561798
checker_concurent_3,2026-06-04T22:37:17.302608789
checker_concurent_3,2026-06-04T22:37:17.302661924
checker_concurent_3,2026-06-04T22:37:17.302708673
checker_concurent_3,2026-06-04T22:37:17.302758099
checker_concurent_3,2026-06-04T22:37:17.30281802
checker_concurent_7,2026-06-04T22:37:17.302926505
checker_concurent_7,2026-06-04T22:37:17.303163191
checker_concurent_7,2026-06-04T22:37:17.303288766
checker_concurent_7,2026-06-04T22:37:17.303397852
checker_concurent_7,2026-06-04T22:37:17.303451698
checker_concurent_7,2026-06-04T22:37:17.303517172
checker_concurent_7,2026-06-04T22:37:17.303571339
checker_concurent_7,2026-06-04T22:37:17.303705625
checker_concurent_7,2026-06-04T22:37:17.303766227
checker_concurent_7,2026-06-04T22:37:17.303819342
checker_concurent_7,2026-06-04T22:37:17.303890128
checker_concurent_7,2026-06-04T22:37:17.303947964
checker_concurent_7,2026-06-04T22:37:17.304148705
checker_concurent_7,2026-06-04T22:37:17.304223902
checker_concurent_7,2026-06-04T22:37:17.304276225
checker_concurent_7,2026-06-04T22:37:17.304324388
checker_concurent_7,2026-06-04T22:37:17.304387065
checker_concurent_7,2026-06-04T22:37:17.304478921
checker_concurent_18,2026-06-04T22:37:17.304605328
checker_concurent_18,2026-06-04T22:37:17.304790934
checker_concurent_18,2026-06-04T22:37:17.30490843
checker_concurent_18,2026-06-04T22:37:17.305037323
checker_concurent_18,2026-06-04T22:37:17.305322302
checker_concurent_18,2026-06-04T22:37:17.305455034
checker_concurent_18,2026-06-04T22:37:17.305548583
checker_concurent_18,2026-06-04T22:37:17.305637612
checker_concurent_18,2026-06-04T22:37:17.305783725
checker_concurent_18,2026-06-04T22:37:17.305881525
checker_concurent_18,2026-06-04T22:37:17.3059389
checker_concurent_18,2026-06-04T22:37:17.305999091
checker_concurent_18,2026-06-04T22:37:17.306065978
checker_concurent_18,2026-06-04T22:37:17.30612185
checker_concurent_18,2026-06-04T22:37:17.306170023
checker_concurent_18,2026-06-04T22:37:17.306212342
checker_concurent_18,2026-06-04T22:37:17.306254932
checker_concurent_18,2026-06-04T22:37:17.306294585
checker_concurent_18,2026-06-04T22:37:17.306357212
checker_concurent_18,2026-06-04T22:37:17.306403661
checker_concurent_18,2026-06-04T22:37:17.306442783
checker_concurent_18,2026-06-04T22:37:17.306484672
checker_concurent_18,2026-06-04T22:37:17.306536343
checker_concurent_18,2026-06-04T22:37:17.306579735
checker_concurent_18,2026-06-04T22:37:17.306620982
checker_concurent_19,2026-06-04T22:37:17.306868303
checker_concurent_19,2026-06-04T22:37:17.307105931
checker_concurent_19,2026-06-04T22:37:17.307164107
checker_concurent_19,2026-06-04T22:37:17.307207379
checker_concurent_19,2026-06-04T22:37:17.307248435
checker_concurent_17,2026-06-04T22:37:17.307321798
checker_concurent_17,2026-06-04T22:37:17.307414215
checker_concurent_17,2026-06-04T22:37:17.307517187
checker_concurent_17,2026-06-04T22:37:17.307652896
checker_concurent_17,2026-06-04T22:37:17.307711313
checker_concurent_17,2026-06-04T22:37:17.307765039
checker_concurent_17,2026-06-04T22:37:17.307806005
checker_concurent_17,2026-06-04T22:37:17.307855682
checker_concurent_17,2026-06-04T22:37:17.30789748
checker_concurent_17,2026-06-04T22:37:17.307940872
checker_concurent_17,2026-06-04T22:37:17.307985757
checker_concurent_16,2026-06-04T22:37:17.308188504
checker_concurent_15,2026-06-04T22:37:17.308411417
checker_concurent_15,2026-06-04T22:37:17.308488658
checker_concurent_14,2026-06-04T22:37:17.308586308
checker_concurent_8,2026-06-04T22:37:17.308713065
checker_concurent_8,2026-06-04T22:37:17.30879583
checker_concurent_8,2026-06-04T22:37:17.308854858
checker_concurent_8,2026-06-04T22:37:17.308899483
checker_concurent_8,2026-06-04T22:37:17.308938926
checker_concurent_8,2026-06-04T22:37:17.308979682
checker_concurent_8,2026-06-04T22:37:17.309028657
checker_concurent_8,2026-06-04T22:37:17.309076299
checker_concurent_8,2026-06-04T22:37:17.309128291
checker_concurent_8,2026-06-04T22:37:17.309168455
checker_concurent_8,2026-06-04T22:37:17.309205743
checker_concurent_8,2026-06-04T22:37:17.309241246
checker_concurent_8,2026-06-04T22:37:17.309278203
checker_concurent_8,2026-06-04T22:37:17.309312884
checker_concurent_8,2026-06-04T22:37:17.309356727
checker_concurent_8,2026-06-04T22:37:17.309394135
checker_concurent_8,2026-06-04T22:37:17.309432736
checker_concurent_8,2026-06-04T22:37:17.309478523
checker_concurent_8,2026-06-04T22:37:17.30951531
checker_concurent_8,2026-06-04T22:37:17.309553259
checker_concurent_8,2026-06-04T22:37:17.309588481
checker_concurent_8,2026-06-04T22:37:17.309623474
checker_concurent_8,2026-06-04T22:37:17.309664931
checker_concurent_13,2026-06-04T22:37:17.309737652
checker_concurent_13,2026-06-04T22:37:17.309827623
checker_concurent_13,2026-06-04T22:37:17.309876007
checker_concurent_13,2026-06-04T22:37:17.309915429
checker_concurent_13,2026-06-04T22:37:17.309955624
checker_concurent_13,2026-06-04T22:37:17.310003486
checker_concurent_13,2026-06-04T22:37:17.31005182
checker_concurent_13,2026-06-04T22:37:17.310098459
checker_concurent_13,2026-06-04T22:37:17.310140027
checker_concurent_13,2026-06-04T22:37:17.310177224
checker_concurent_13,2026-06-04T22:37:17.310212457
checker_concurent_13,2026-06-04T22:37:17.310249815
checker_concurent_13,2026-06-04T22:37:17.31028611
checker_concurent_13,2026-06-04T22:37:17.31032025
checker_concurent_13,2026-06-04T22:37:17.310358369
checker_concurent_13,2026-06-04T22:37:17.310395346
checker_concurent_13,2026-06-04T22:37:17.31043117
checker_concurent_13,2026-06-04T22:37:17.310466413
checker_concurent_13,2026-06-04T22:37:17.310508773
checker_concurent_13,2026-06-04T22:37:17.310546251
checker_concurent_13,2026-06-04T22:37:17.310579499
checker_concurent_13,2026-06-04T22:37:17.310619392
checker_concurent_13,2026-06-04T22:37:17.310656399
checker_concurent_13,2026-06-04T22:37:17.310697626
checker_concurent_13,2026-06-04T22:37:17.310733942
checker_concurent_12,2026-06-04T22:37:17.310827561
checker_concurent_12,2026-06-04T22:37:17.310948285
checker_concurent_12,2026-06-04T22:37:17.311056429
checker_concurent_12,2026-06-04T22:37:17.311124358
checker_concurent_12,2026-06-04T22:37:17.311185963
checker_concurent_12,2026-06-04T22:37:17.31124014
checker_concurent_12,2026-06-04T22:37:17.311318053
checker_concurent_12,2026-06-04T22:37:17.31137607
checker_concurent_12,2026-06-04T22:37:17.311433254
checker_concurent_12,2026-06-04T22:37:17.311488594
checker_concurent_12,2026-06-04T22:37:17.311538912
checker_concurent_12,2026-06-04T22:37:17.311596117
checker_concurent_12,2026-06-04T22:37:17.311662362
checker_concurent_12,2026-06-04T22:37:17.31172543
checker_concurent_12,2026-06-04T22:37:17.311790132
checker_concurent_12,2026-06-04T22:37:17.311841573
checker_concurent_12,2026-06-04T22:37:17.31188287
checker_concurent_12,2026-06-04T22:37:17.311927295
checker_concurent_12,2026-06-04T22:37:17.311969323
checker_concurent_12,2026-06-04T22:37:17.312021376
checker_concurent_12,2026-06-04T22:37:17.312080765
checker_concurent_12,2026-06-04T22:37:17.312130802
checker_concurent_12,2026-06-04T22:37:17.312178094
checker_concurent_12,2026-06-04T22:37:17.312216644
checker_concurent_12,2026-06-04T22:37:17.31228727
checker_concurent_11,2026-06-04T22:37:17.312490327
checker_concurent_10,2026-06-04T22:37:17.312788808
checker_concurent_10,2026-06-04T22:37:17.312960461
checker_concurent_10,2026-06-04T22:37:17.313025123
checker_concurent_10,2026-06-04T22:37:17.313503436
checker_concurent_10,2026-06-04T22:37:17.313609585
checker_concurent_10,2026-06-04T22:37:17.313678798
checker_concurent_10,2026-06-04T22:37:17.31371803
checker_concurent_10,2026-06-04T22:37:17.313766354
checker_concurent_10,2026-06-04T22:37:17.313809936
checker_concurent_10,2026-06-04T22:37:17.313891788
checker_concurent_10,2026-06-04T22:37:17.313958625
checker_concurent_10,2026-06-04T22:37:17.314003521
checker_concurent_10,2026-06-04T22:37:17.314060986
checker_concurent_10,2026-06-04T22:37:17.314099195
checker_concurent_10,2026-06-04T22:37:17.314136804
checker_concurent_10,2026-06-04T22:37:17.314179815
checker_concurent_10,2026-06-04T22:37:17.314215478
checker_concurent_10,2026-06-04T22:37:17.314383633
checker_concurent_10,2026-06-04T22:37:17.314437259
checker_concurent_10,2026-06-04T22:37:17.314561301
checker_concurent_10,2026-06-04T22:37:17.314616541
checker_concurent_10,2026-06-04T22:37:17.314654129
checker_concurent_10,2026-06-04T22:37:17.314707835
checker_concurent_10,2026-06-04T22:37:17.314766984
checker_concurent_10,2026-06-04T22:37:17.314827506
checker_concurent_4,2026-06-04T22:37:17.314948019
checker_concurent_4,2026-06-04T22:37:17.315162032
checker_concurent_4,2026-06-04T22:37:17.315255702
checker_concurent_4,2026-06-04T22:37:17.315355316
checker_concurent_4,2026-06-04T22:37:17.315411548
checker_concurent_4,2026-06-04T22:37:17.315460904
checker_concurent_4,2026-06-04T22:37:17.315507934
checker_concurent_4,2026-06-04T22:37:17.315542305
checker_concurent_4,2026-06-04T22:37:17.315574701
checker_concurent_4,2026-06-04T22:37:17.315618564
checker_concurent_4,2026-06-04T22:37:17.315686233
checker_concurent_4,2026-06-04T22:37:17.315724242
checker_concurent_4,2026-06-04T22:37:17.315769679
checker_concurent_4,2026-06-04T22:37:17.3158
checker_concurent_4,2026-06-04T22:37:17.315832526
checker_concurent_4,2026-06-04T22:37:17.315863249
checker_concurent_4,2026-06-04T22:37:17.315895564
checker_concurent_4,2026-06-04T22:37:17.315927048
checker_concurent_4,2026-06-04T22:37:17.315969007
checker_concurent_4,2026-06-04T22:37:17.316001092
checker_concurent_4,2026-06-04T22:37:17.316040966
checker_concurent_4,2026-06-04T22:37:17.316076539
checker_concurent_4,2026-06-04T22:37:17.31611071
checker_concurent_4,2026-06-04T22:37:17.316154603
checker_concurent_11,2026-06-04T22:37:17.316217491
checker_concurent_11,2026-06-04T22:37:17.316293299
checker_concurent_11,2026-06-04T22:37:17.316344639
checker_concurent_11,2026-06-04T22:37:17.316390417
checker_concurent_11,2026-06-04T22:37:17.316423003
checker_concurent_11,2026-06-04T22:37:17.31645137
checker_concurent_11,2026-06-04T22:37:17.316482002
checker_concurent_11,2026-06-04T22:37:17.316509186
checker_concurent_11,2026-06-04T22:37:17.316538795
checker_concurent_11,2026-06-04T22:37:17.316569197
checker_concurent_11,2026-06-04T22:37:17.316598666
checker_concurent_11,2026-06-04T22:37:17.316628656
checker_concurent_11,2026-06-04T22:37:17.316658867
checker_concurent_11,2026-06-04T22:37:17.31668995
checker_concurent_11,2026-06-04T22:37:17.316719409
checker_concurent_11,2026-06-04T22:37:17.316748598
checker_concurent_11,2026-06-04T22:37:17.316781234
checker_concurent_11,2026-06-04T22:37:17.316808539
checker_concurent_11,2026-06-04T22:37:17.316838028
checker_concurent_11,2026-06-04T22:37:17.316873862
checker_concurent_11,2026-06-04T22:37:17.316903031
checker_concurent_11,2026-06-04T22:37:17.31693272
checker_concurent_11,2026-06-04T22:37:17.316960054
checker_concurent_11,2026-06-04T22:37:17.31699243
checker_concurent_14,2026-06-04T22:37:17.317123328
checker_concurent_15,2026-06-04T22:37:17.317285809
checker_concurent_15,2026-06-04T22:37:17.317358711
checker_concurent_15,2026-06-04T22:37:17.31740529
checker_concurent_15,2026-06-04T22:37:17.317446938
checker_concurent_15,2026-06-04T22:37:17.317498659
checker_concurent_15,2026-06-04T22:37:17.317531958
checker_concurent_15,2026-06-04T22:37:17.317564504
checker_concurent_15,2026-06-04T22:37:17.317593412
checker_concurent_15,2026-06-04T22:37:17.317624294
checker_concurent_15,2026-06-04T22:37:17.317652601
checker_concurent_15,2026-06-04T22:37:17.317687433
checker_concurent_15,2026-06-04T22:37:17.317715158
checker_concurent_15,2026-06-04T22:37:17.317746181
checker_concurent_15,2026-06-04T22:37:17.317776783
checker_concurent_15,2026-06-04T22:37:17.31780548
checker_concurent_15,2026-06-04T22:37:17.317844592
checker_concurent_15,2026-06-04T22:37:17.317883904
checker_concurent_15,2026-06-04T22:37:17.317932268
checker_concurent_15,2026-06-04T22:37:17.317976181
checker_concurent_15,2026-06-04T22:37:17.318027281
checker_concurent_15,2026-06-04T22:37:17.318076947
checker_concurent_15,2026-06-04T22:37:17.318117332
checker_concurent_15,2026-06-04T22:37:17.318166718
checker_concurent_16,2026-06-04T22:37:17.318298237
checker_concurent_16,2026-06-04T22:37:17.318462353
checker_concurent_16,2026-06-04T22:37:17.31856335
checker_concurent_16,2026-06-04T22:37:17.318650555
checker_concurent_16,2026-06-04T22:37:17.31872501
checker_concurent_16,2026-06-04T22:37:17.318791165
checker_concurent_16,2026-06-04T22:37:17.318858874
checker_concurent_16,2026-06-04T22:37:17.318930021
checker_concurent_16,2026-06-04T22:37:17.31899773
checker_concurent_16,2026-06-04T22:37:17.319084745
checker_concurent_16,2026-06-04T22:37:17.319116419
checker_concurent_16,2026-06-04T22:37:17.319145989
checker_concurent_16,2026-06-04T22:37:17.31918501
checker_concurent_16,2026-06-04T22:37:17.319213467
checker_concurent_16,2026-06-04T22:37:17.319245893
checker_concurent_16,2026-06-04T22:37:17.319272636
checker_concurent_16,2026-06-04T22:37:17.319301343
checker_concurent_16,2026-06-04T22:37:17.319336306
checker_concurent_16,2026-06-04T22:37:17.319365203
checker_concurent_16,2026-06-04T22:37:17.319393791
checker_concurent_16,2026-06-04T22:37:17.319420283
checker_concurent_16,2026-06-04T22:37:17.319458533
checker_concurent_16,2026-06-04T22:37:17.319485957
checker_concurent_16,2026-06-04T22:37:17.319514404
checker_concurent_17,2026-06-04T22:37:17.319560803
checker_concurent_17,2026-06-04T22:37:17.319622117
checker_concurent_17,2026-06-04T22:37:17.319655706
checker_concurent_17,2026-06-04T22:37:17.319684463
checker_concurent_17,2026-06-04T22:37:17.319715466
checker_concurent_17,2026-06-04T22:37:17.319743792
checker_concurent_17,2026-06-04T22:37:17.319774254
checker_concurent_17,2026-06-04T22:37:17.319808394
checker_concurent_17,2026-06-04T22:37:17.31984056
checker_concurent_17,2026-06-04T22:37:17.31987065
checker_concurent_17,2026-06-04T22:37:17.319909552
checker_concurent_17,2026-06-04T22:37:17.319939532
checker_concurent_17,2026-06-04T22:37:17.319967899
checker_concurent_17,2026-06-04T22:37:17.320011281
checker_concurent_19,2026-06-04T22:37:17.320160321
checker_concurent_19,2026-06-04T22:37:17.320270249
checker_concurent_19,2026-06-04T22:37:17.320311235
checker_concurent_19,2026-06-04T22:37:17.320346508
checker_concurent_19,2026-06-04T22:37:17.32038978
checker_concurent_19,2026-06-04T22:37:17.320423198
checker_concurent_19,2026-06-04T22:37:17.320480192
checker_concurent_19,2026-06-04T22:37:17.320511556
checker_concurent_19,2026-06-04T22:37:17.32061133
checker_concurent_19,2026-06-04T22:37:17.320647425
checker_concurent_19,2026-06-04T22:37:17.320710282
checker_concurent_19,2026-06-04T22:37:17.320762796
checker_concurent_19,2026-06-04T22:37:17.320801847
checker_concurent_19,2026-06-04T22:37:17.320847705
checker_concurent_19,2026-06-04T22:37:17.32088827
checker_concurent_19,2026-06-04T22:37:17.321168067
checker_concurent_19,2026-06-04T22:37:17.321209024
checker_concurent_19,2026-06-04T22:37:17.321266489
checker_concurent_19,2026-06-04T22:37:17.321348371
checker_concurent_19,2026-06-04T22:37:17.321396765
checker_concurent_7,2026-06-04T22:37:17.321482977
checker_concurent_7,2026-06-04T22:37:17.321577439
checker_concurent_14,2026-06-04T22:37:17.321643855
checker_concurent_14,2026-06-04T22:37:17.321692299
checker_concurent_14,2026-06-04T22:37:17.321728694
checker_concurent_14,2026-06-04T22:37:17.32176525
checker_concurent_14,2026-06-04T22:37:17.321798518
checker_concurent_14,2026-06-04T22:37:17.321823497
checker_concurent_14,2026-06-04T22:37:17.321868182
checker_concurent_14,2026-06-04T22:37:17.321912977
checker_concurent_14,2026-06-04T22:37:17.32198242
checker_concurent_14,2026-06-04T22:37:17.322036678
checker_concurent_14,2026-06-04T22:37:17.322068001
checker_concurent_14,2026-06-04T22:37:17.322095917
checker_concurent_14,2026-06-04T22:37:17.322140933
checker_concurent_14,2026-06-04T22:37:17.322172056
checker_concurent_14,2026-06-04T22:37:17.322198889
checker_concurent_14,2026-06-04T22:37:17.322223186
checker_concurent_14,2026-06-04T22:37:17.322248676
checker_concurent_14,2026-06-04T22:37:17.322272101
checker_concurent_14,2026-06-04T22:37:17.322298342
checker_concurent_14,2026-06-04T22:37:17.322322038
checker_concurent_14,2026-06-04T22:37:17.32236131
checker_concurent_14,2026-06-04T22:37:17.322388123
checker_concurent_14,2026-06-04T22:37:17.32241665
addMedic,2026-06-04T22:37:18.090037817
addMedic,2026-06-04T22:37:18.093171299
findMedicById,2026-06-04T22:37:18.093330403
findMediciByDepartament,2026-06-04T22:37:18.093450876
getSortedMedici,2026-06-04T22:37:18.093545098
deleteMedic,2026-06-04T22:37:18.093810231
findMedicById,2026-06-04T22:37:18.093895701
findMediciByDepartament,2026-06-04T22:37:18.093998623
deleteMedic,2026-06-04T22:37:18.094098678
findMedicById,2026-06-04T22:37:18.094172261
addPacient,2026-06-04T22:37:18.095685437
addPacient,2026-06-04T22:37:18.095974706
findPacientByName,2026-06-04T22:37:18.096077818
findPacientiByDiagnostic,2026-06-04T22:37:18.096173233
getUrgentPacienti,2026-06-04T22:37:18.096336647
getUrgentPacienti,2026-06-04T22:37:18.096418579
deletePacient,2026-06-04T22:37:18.096493966
findPacientByName,2026-06-04T22:37:18.096558588
deletePacient,2026-06-04T22:37:18.096638937
findPacientByName,2026-06-04T22:37:18.096723005
findPacientiByDiagnostic,2026-06-04T22:37:18.096846916
addSala,2026-06-04T22:37:18.097775808
addSala,2026-06-04T22:37:18.097882078
findSala,2026-06-04T22:37:18.097969403
getAllSali,2026-06-04T22:37:18.098065459
findSala,2026-06-04T22:37:18.098146349
findSala,2026-06-04T22:37:18.098213406
deleteSala,2026-06-04T22:37:18.098289285
findSala,2026-06-04T22:37:18.098356863
deleteSala,2026-06-04T22:37:18.098455776
findSala,2026-06-04T22:37:18.098520718
findSala,2026-06-04T22:37:18.099243166
addMedicament,2026-06-04T22:37:18.104495056
findMedicamentByName,2026-06-04T22:37:18.10465426
deleteMedicament,2026-06-04T22:37:18.104942738
findMedicamentByName,2026-06-04T22:37:18.105036979
findMedicamentByName,2026-06-04T22:37:18.105290926
addMedic,2026-06-04T22:37:18.105707335
addMedic,2026-06-04T22:37:18.105948481
findMedicById,2026-06-04T22:37:18.106182812
salveaza_medic_db,2026-06-04T22:37:18.261863293
cauta_medic_db,2026-06-04T22:37:18.262641221
actualizeaza_medic_db,2026-06-04T22:37:18.263646714
cauta_medic_db,2026-06-04T22:37:18.264216733
listeaza_medici_db,2026-06-04T22:37:18.265117299
sterge_medic_db,2026-06-04T22:37:18.265923263
cauta_medic_db,2026-06-04T22:37:18.266412843
listeaza_medici_db,2026-06-04T22:37:18.266702985
salveaza_medic_db,2026-06-04T22:37:18.267713529
cauta_medic_db,2026-06-04T22:37:18.267950496
sterge_medic_db,2026-06-04T22:37:18.268502974
salveaza_sala_db,2026-06-04T22:37:18.269796714
actualizeaza_sala_db,2026-06-04T22:37:18.270400834
cauta_sala_db,2026-06-04T22:37:18.270679528
sterge_sala_db,2026-06-04T22:37:18.271137074
cauta_sala_db,2026-06-04T22:37:18.271355938
salveaza_medicament_db,2026-06-04T22:37:18.272249728
cauta_medicament_db,2026-06-04T22:37:18.27270602
actualizeaza_medicament_db,2026-06-04T22:37:18.273190709
cauta_medicament_db,2026-06-04T22:37:18.273390328
sterge_medicament_db,2026-06-04T22:37:18.273883798
cauta_medicament_db,2026-06-04T22:37:18.274171303
salveaza_medic_db,2026-06-04T22:37:18.275181096
interneaza_pacient_db,2026-06-04T22:37:18.277708664
cauta_pacient_db,2026-06-04T22:37:18.279066174
salveaza_medicament_db,2026-06-04T22:37:18.280696956
listeaza_pacienti_db,2026-06-04T22:37:18.281470203
prescrie_medicament_db,2026-06-04T22:37:18.283637355
cauta_medicament_db,2026-06-04T22:37:18.283880977
listeaza_pacienti_db,2026-06-04T22:37:18.284927476
prescrie_medicament_rollback,2026-06-04T22:37:18.286151081
cauta_medicament_db,2026-06-04T22:37:18.288702736
raport_pacienti_urgenti,2026-06-04T22:37:18.292663593
raport_pacienti_per_medic,2026-06-04T22:37:18.296046872
raport_top_medicamente,2026-06-04T22:37:18.299738005
listeaza_pacienti_db,2026-06-04T22:37:18.301152068
raport_prescriptii_pacient,2026-06-04T22:37:18.303618834
checker_actiune_1,2026-06-04T22:37:18.304139968
checker_actiune_2,2026-06-04T22:37:18.30638358
checker_concurent_0,2026-06-04T22:37:18.309249865
checker_concurent_3,2026-06-04T22:37:18.309506006
checker_concurent_3,2026-06-04T22:37:18.309671886
checker_concurent_3,2026-06-04T22:37:18.30983532
checker_concurent_8,2026-06-04T22:37:18.309964113
checker_concurent_8,2026-06-04T22:37:18.310089106
checker_concurent_10,2026-06-04T22:37:18.310213268
checker_concurent_10,2026-06-04T22:37:18.310476176
checker_concurent_10,2026-06-04T22:37:18.310620325
checker_concurent_10,2026-06-04T22:37:18.310706026
checker_concurent_1,2026-06-04T22:37:18.313043428
checker_concurent_1,2026-06-04T22:37:18.31324857
checker_concurent_1,2026-06-04T22:37:18.313326203
checker_concurent_1,2026-06-04T22:37:18.313383056
checker_concurent_1,2026-06-04T22:37:18.313436802
checker_concurent_1,2026-06-04T22:37:18.313497254
checker_concurent_1,2026-06-04T22:37:18.313554228
checker_concurent_1,2026-06-04T22:37:18.313618479
checker_concurent_1,2026-06-04T22:37:18.31368688
checker_concurent_1,2026-06-04T22:37:18.313754419
checker_concurent_1,2026-06-04T22:37:18.313845653
checker_concurent_1,2026-06-04T22:37:18.313936456
checker_concurent_1,2026-06-04T22:37:18.313997851
checker_concurent_1,2026-06-04T22:37:18.314083392
checker_concurent_2,2026-06-04T22:37:18.314217426
checker_concurent_2,2026-06-04T22:37:18.314374756
checker_concurent_2,2026-06-04T22:37:18.314452579
checker_concurent_2,2026-06-04T22:37:18.314502607
checker_concurent_2,2026-06-04T22:37:18.314562527
checker_concurent_2,2026-06-04T22:37:18.314616304
checker_concurent_2,2026-06-04T22:37:18.314657651
checker_concurent_2,2026-06-04T22:37:18.314722153
checker_concurent_2,2026-06-04T22:37:18.314767208
checker_concurent_2,2026-06-04T22:37:18.314810209
checker_concurent_2,2026-06-04T22:37:18.314849833
checker_concurent_2,2026-06-04T22:37:18.314888654
checker_concurent_2,2026-06-04T22:37:18.314927886
checker_concurent_2,2026-06-04T22:37:18.314977823
checker_concurent_2,2026-06-04T22:37:18.315025796
checker_concurent_2,2026-06-04T22:37:18.315083061
checker_concurent_2,2026-06-04T22:37:18.315125831
checker_concurent_2,2026-06-04T22:37:18.315177172
checker_concurent_2,2026-06-04T22:37:18.315219501
checker_concurent_2,2026-06-04T22:37:18.315292332
checker_concurent_2,2026-06-04T22:37:18.315377212
checker_concurent_2,2026-06-04T22:37:18.315459044
checker_concurent_2,2026-06-04T22:37:18.315576921
checker_concurent_2,2026-06-04T22:37:18.315764532
checker_concurent_2,2026-06-04T22:37:18.31582353
checker_concurent_1,2026-06-04T22:37:18.316067263
checker_concurent_1,2026-06-04T22:37:18.316162497
checker_concurent_1,2026-06-04T22:37:18.316224462
checker_concurent_1,2026-06-04T22:37:18.316273367
checker_concurent_1,2026-06-04T22:37:18.316350097
checker_concurent_1,2026-06-04T22:37:18.316409136
checker_concurent_1,2026-06-04T22:37:18.316461219
checker_concurent_1,2026-06-04T22:37:18.316506535
checker_concurent_1,2026-06-04T22:37:18.316550759
checker_concurent_1,2026-06-04T22:37:18.31659811
checker_concurent_1,2026-06-04T22:37:18.316647977
checker_concurent_18,2026-06-04T22:37:18.316768962
checker_concurent_18,2026-06-04T22:37:18.316861359
checker_concurent_18,2026-06-04T22:37:18.316909231
checker_concurent_18,2026-06-04T22:37:18.316948033
checker_concurent_18,2026-06-04T22:37:18.316986663
checker_concurent_18,2026-06-04T22:37:18.317030576
checker_concurent_19,2026-06-04T22:37:18.317122162
checker_concurent_10,2026-06-04T22:37:18.317229594
checker_concurent_10,2026-06-04T22:37:18.317293624
checker_concurent_10,2026-06-04T22:37:18.317353295
checker_concurent_10,2026-06-04T22:37:18.317395995
checker_concurent_10,2026-06-04T22:37:18.317434666
checker_concurent_10,2026-06-04T22:37:18.317473978
checker_concurent_10,2026-06-04T22:37:18.317510263
checker_concurent_10,2026-06-04T22:37:18.317557745
checker_concurent_10,2026-06-04T22:37:18.317596215
checker_concurent_10,2026-06-04T22:37:18.317632441
checker_concurent_10,2026-06-04T22:37:18.317673076
checker_concurent_10,2026-06-04T22:37:18.317707707
checker_concurent_10,2026-06-04T22:37:18.317742449
checker_concurent_10,2026-06-04T22:37:18.317786793
checker_concurent_10,2026-06-04T22:37:18.317820713
checker_concurent_10,2026-06-04T22:37:18.317855394
checker_concurent_10,2026-06-04T22:37:18.317902254
checker_concurent_10,2026-06-04T22:37:18.317942519
checker_concurent_10,2026-06-04T22:37:18.317996696
checker_concurent_10,2026-06-04T22:37:18.318054632
checker_concurent_10,2026-06-04T22:37:18.318089825
checker_concurent_17,2026-06-04T22:37:18.318211431
checker_concurent_17,2026-06-04T22:37:18.318357514
checker_concurent_17,2026-06-04T22:37:18.31844075
checker_concurent_17,2026-06-04T22:37:18.318520768
checker_concurent_17,2026-06-04T22:37:18.318602901
checker_concurent_17,2026-06-04T22:37:18.318665117
checker_concurent_17,2026-06-04T22:37:18.318740795
checker_concurent_17,2026-06-04T22:37:18.318808865
checker_concurent_17,2026-06-04T22:37:18.318871552
checker_concurent_17,2026-06-04T22:37:18.318957875
checker_concurent_17,2026-06-04T22:37:18.319040549
checker_concurent_17,2026-06-04T22:37:18.319098355
checker_concurent_17,2026-06-04T22:37:18.319136485
checker_concurent_17,2026-06-04T22:37:18.319171557
checker_concurent_17,2026-06-04T22:37:18.319223419
checker_concurent_17,2026-06-04T22:37:18.319257489
checker_concurent_17,2026-06-04T22:37:18.319294917
checker_concurent_17,2026-06-04T22:37:18.319332495
checker_concurent_17,2026-06-04T22:37:18.319368089
checker_concurent_17,2026-06-04T22:37:18.31942826
checker_concurent_17,2026-06-04T22:37:18.31946225
checker_concurent_17,2026-06-04T22:37:18.319506293
checker_concurent_17,2026-06-04T22:37:18.319544012
checker_concurent_17,2026-06-04T22:37:18.319582803
checker_concurent_17,2026-06-04T22:37:18.319616452
checker_concurent_16,2026-06-04T22:37:18.319719123
checker_concurent_16,2026-06-04T22:37:18.319835156
checker_concurent_16,2026-06-04T22:37:18.319907386
checker_concurent_16,2026-06-04T22:37:18.319978372
checker_concurent_16,2026-06-04T22:37:18.320034986
checker_concurent_16,2026-06-04T22:37:18.320093002
checker_concurent_16,2026-06-04T22:37:18.320149054
checker_concurent_16,2026-06-04T22:37:18.320200464
checker_concurent_16,2026-06-04T22:37:18.32025401
checker_concurent_16,2026-06-04T22:37:18.320302875
checker_concurent_16,2026-06-04T22:37:18.320365993
checker_concurent_16,2026-06-04T22:37:18.320409566
checker_concurent_16,2026-06-04T22:37:18.320480182
checker_concurent_16,2026-06-04T22:37:18.320535943
checker_concurent_16,2026-06-04T22:37:18.320583545
checker_concurent_16,2026-06-04T22:37:18.320627658
checker_concurent_16,2026-06-04T22:37:18.320659633
checker_concurent_16,2026-06-04T22:37:18.320688742
checker_concurent_16,2026-06-04T22:37:18.32071764
checker_concurent_16,2026-06-04T22:37:18.320747289
checker_concurent_16,2026-06-04T22:37:18.320775967
checker_concurent_16,2026-06-04T22:37:18.32080709
checker_concurent_16,2026-06-04T22:37:18.320840619
checker_concurent_16,2026-06-04T22:37:18.320873436
checker_concurent_16,2026-06-04T22:37:18.320909781
checker_concurent_15,2026-06-04T22:37:18.320979936
checker_concurent_15,2026-06-04T22:37:18.32116041
checker_concurent_15,2026-06-04T22:37:18.321236629
checker_concurent_15,2026-06-04T22:37:18.321284441
checker_concurent_15,2026-06-04T22:37:18.321324245
checker_concurent_15,2026-06-04T22:37:18.321354135
checker_concurent_15,2026-06-04T22:37:18.321412542
checker_concurent_15,2026-06-04T22:37:18.321458811
checker_concurent_15,2026-06-04T22:37:18.3215095
checker_concurent_15,2026-06-04T22:37:18.321604824
checker_concurent_15,2026-06-04T22:37:18.32171376
checker_concurent_15,2026-06-04T22:37:18.321776157
checker_concurent_15,2026-06-04T22:37:18.321830965
checker_concurent_15,2026-06-04T22:37:18.321876673
checker_concurent_15,2026-06-04T22:37:18.321919864
checker_concurent_15,2026-06-04T22:37:18.322065707
checker_concurent_15,2026-06-04T22:37:18.322123793
checker_concurent_15,2026-06-04T22:37:18.322173671
checker_concurent_15,2026-06-04T22:37:18.322213715
checker_concurent_15,2026-06-04T22:37:18.322287889
checker_concurent_15,2026-06-04T22:37:18.32233953
checker_concurent_15,2026-06-04T22:37:18.322375114
checker_concurent_15,2026-06-04T22:37:18.322410166
checker_concurent_15,2026-06-04T22:37:18.322460815
checker_concurent_14,2026-06-04T22:37:18.322647334
checker_concurent_14,2026-06-04T22:37:18.322747359
checker_concurent_14,2026-06-04T22:37:18.322795261
checker_concurent_14,2026-06-04T22:37:18.322834534
checker_concurent_14,2026-06-04T22:37:18.322860555
checker_concurent_14,2026-06-04T22:37:18.322884792
checker_concurent_14,2026-06-04T22:37:18.322912246
checker_concurent_14,2026-06-04T22:37:18.322937546
checker_concurent_14,2026-06-04T22:37:18.322962675
checker_concurent_14,2026-06-04T22:37:18.323009204
checker_concurent_14,2026-06-04T22:37:18.323046832
checker_concurent_14,2026-06-04T22:37:18.323100188
checker_concurent_14,2026-06-04T22:37:18.32314356
checker_concurent_14,2026-06-04T22:37:18.323182341
checker_concurent_14,2026-06-04T22:37:18.323230815
checker_concurent_14,2026-06-04T22:37:18.323262128
checker_concurent_14,2026-06-04T22:37:18.323286536
checker_concurent_14,2026-06-04T22:37:18.323308116
checker_concurent_14,2026-06-04T22:37:18.323329777
checker_concurent_14,2026-06-04T22:37:18.323354295
checker_concurent_14,2026-06-04T22:37:18.323374212
checker_concurent_14,2026-06-04T22:37:18.323393747
checker_concurent_14,2026-06-04T22:37:18.323415037
checker_concurent_14,2026-06-04T22:37:18.323434593
checker_concurent_14,2026-06-04T22:37:18.323453207
checker_concurent_13,2026-06-04T22:37:18.323529015
checker_concurent_13,2026-06-04T22:37:18.323657006
checker_concurent_13,2026-06-04T22:37:18.323713018
checker_concurent_13,2026-06-04T22:37:18.32376928
checker_concurent_12,2026-06-04T22:37:18.323826895
checker_concurent_12,2026-06-04T22:37:18.323891928
checker_concurent_12,2026-06-04T22:37:18.323920716
checker_concurent_12,2026-06-04T22:37:18.323945063
checker_concurent_12,2026-06-04T22:37:18.323968618
checker_concurent_12,2026-06-04T22:37:18.323993366
checker_concurent_12,2026-06-04T22:37:18.324023307
checker_concurent_12,2026-06-04T22:37:18.324050711
checker_concurent_12,2026-06-04T22:37:18.324072522
checker_concurent_12,2026-06-04T22:37:18.324093923
checker_concurent_12,2026-06-04T22:37:18.32411417
checker_concurent_11,2026-06-04T22:37:18.324180997
checker_concurent_11,2026-06-04T22:37:18.324275158
checker_concurent_11,2026-06-04T22:37:18.324349152
checker_concurent_11,2026-06-04T22:37:18.324375193
checker_concurent_11,2026-06-04T22:37:18.324398779
checker_concurent_11,2026-06-04T22:37:18.324420059
checker_concurent_11,2026-06-04T22:37:18.324441078
checker_concurent_11,2026-06-04T22:37:18.324459892
checker_concurent_11,2026-06-04T22:37:18.324495677
checker_concurent_11,2026-06-04T22:37:18.324515754
checker_concurent_11,2026-06-04T22:37:18.324533195
checker_concurent_11,2026-06-04T22:37:18.324550445
checker_concurent_11,2026-06-04T22:37:18.324568387
checker_concurent_11,2026-06-04T22:37:18.32458651
checker_concurent_8,2026-06-04T22:37:18.324630694
checker_concurent_9,2026-06-04T22:37:18.324714832
checker_concurent_9,2026-06-04T22:37:18.324757863
checker_concurent_9,2026-06-04T22:37:18.32478221
checker_concurent_9,2026-06-04T22:37:18.324802858
checker_concurent_9,2026-06-04T22:37:18.324821793
checker_concurent_9,2026-06-04T22:37:18.324842993
checker_concurent_9,2026-06-04T22:37:18.324862017
checker_concurent_9,2026-06-04T22:37:18.324880601
checker_concurent_9,2026-06-04T22:37:18.324898623
checker_concurent_9,2026-06-04T22:37:18.324917778
checker_concurent_9,2026-06-04T22:37:18.324936031
checker_concurent_9,2026-06-04T22:37:18.324954234
checker_concurent_9,2026-06-04T22:37:18.324971284
checker_concurent_9,2026-06-04T22:37:18.324988745
checker_concurent_3,2026-06-04T22:37:18.325061466
checker_concurent_3,2026-06-04T22:37:18.325146195
checker_concurent_7,2026-06-04T22:37:18.325241339
checker_concurent_6,2026-06-04T22:37:18.325375263
checker_concurent_6,2026-06-04T22:37:18.325485593
checker_concurent_6,2026-06-04T22:37:18.325544411
checker_concurent_6,2026-06-04T22:37:18.325593887
checker_concurent_6,2026-06-04T22:37:18.325643223
checker_concurent_6,2026-06-04T22:37:18.32568893
checker_concurent_6,2026-06-04T22:37:18.325738908
checker_concurent_5,2026-06-04T22:37:18.325831365
checker_concurent_5,2026-06-04T22:37:18.325971975
checker_concurent_5,2026-06-04T22:37:18.326008631
checker_concurent_5,2026-06-04T22:37:18.326088659
checker_concurent_5,2026-06-04T22:37:18.326130448
checker_concurent_5,2026-06-04T22:37:18.326157822
checker_concurent_5,2026-06-04T22:37:18.326179012
checker_concurent_5,2026-06-04T22:37:18.326198016
checker_concurent_5,2026-06-04T22:37:18.32621664
checker_concurent_5,2026-06-04T22:37:18.326234753
checker_concurent_5,2026-06-04T22:37:18.326252735
checker_concurent_5,2026-06-04T22:37:18.326270006
checker_concurent_5,2026-06-04T22:37:18.326311513
checker_concurent_5,2026-06-04T22:37:18.326348009
checker_concurent_5,2026-06-04T22:37:18.326384825
checker_concurent_5,2026-06-04T22:37:18.326422083
checker_concurent_5,2026-06-04T22:37:18.326460423
checker_concurent_5,2026-06-04T22:37:18.326499545
checker_concurent_5,2026-06-04T22:37:18.326537193
checker_concurent_5,2026-06-04T22:37:18.326594799
checker_concurent_5,2026-06-04T22:37:18.326636286
checker_concurent_5,2026-06-04T22:37:18.326675398
checker_concurent_5,2026-06-04T22:37:18.326713618
checker_concurent_5,2026-06-04T22:37:18.326751036
checker_concurent_5,2026-06-04T22:37:18.326788905
checker_concurent_4,2026-06-04T22:37:18.326913899
checker_concurent_4,2026-06-04T22:37:18.327102271
checker_concurent_4,2026-06-04T22:37:18.327162102
checker_concurent_4,2026-06-04T22:37:18.327221241
checker_concurent_4,2026-06-04T22:37:18.327266637
checker_concurent_4,2026-06-04T22:37:18.327308175
checker_concurent_4,2026-06-04T22:37:18.32734868
checker_concurent_4,2026-06-04T22:37:18.327413723
checker_concurent_4,2026-06-04T22:37:18.32745932
checker_concurent_4,2026-06-04T22:37:18.32748046
checker_concurent_4,2026-06-04T22:37:18.327499795
checker_concurent_4,2026-06-04T22:37:18.327519171
checker_concurent_4,2026-06-04T22:37:18.327537424
checker_concurent_4,2026-06-04T22:37:18.327554935
checker_concurent_4,2026-06-04T22:37:18.327572346
checker_concurent_4,2026-06-04T22:37:18.327590098
checker_concurent_4,2026-06-04T22:37:18.327608641
checker_concurent_4,2026-06-04T22:37:18.327635073
checker_concurent_4,2026-06-04T22:37:18.32767639
checker_concurent_4,2026-06-04T22:37:18.32774422
checker_concurent_4,2026-06-04T22:37:18.327794618
checker_concurent_4,2026-06-04T22:37:18.327837649
checker_concurent_4,2026-06-04T22:37:18.327874245
checker_concurent_4,2026-06-04T22:37:18.327901118
checker_concurent_4,2026-06-04T22:37:18.327940872
checker_concurent_0,2026-06-04T22:37:18.328019667
checker_concurent_0,2026-06-04T22:37:18.328106501
checker_concurent_0,2026-06-04T22:37:18.328183221
checker_concurent_0,2026-06-04T22:37:18.32824222
checker_concurent_0,2026-06-04T22:37:18.328291656
checker_concurent_0,2026-06-04T22:37:18.328345071
checker_concurent_0,2026-06-04T22:37:18.328421
checker_concurent_0,2026-06-04T22:37:18.328454108
checker_concurent_0,2026-06-04T22:37:18.328522268
checker_concurent_0,2026-06-04T22:37:18.328668882
checker_concurent_0,2026-06-04T22:37:18.328857956
checker_concurent_0,2026-06-04T22:37:18.328951296
checker_concurent_0,2026-06-04T22:37:18.329200541
checker_concurent_0,2026-06-04T22:37:18.329287365
checker_concurent_0,2026-06-04T22:37:18.329380985
checker_concurent_0,2026-06-04T22:37:18.329452674
checker_concurent_0,2026-06-04T22:37:18.329528953
checker_concurent_0,2026-06-04T22:37:18.329577046
checker_concurent_0,2026-06-04T22:37:18.329657325
checker_concurent_0,2026-06-04T22:37:18.329707262
checker_concurent_0,2026-06-04T22:37:18.329745823
checker_concurent_0,2026-06-04T22:37:18.329784193
checker_concurent_0,2026-06-04T22:37:18.329820167
checker_concurent_0,2026-06-04T22:37:18.329853726
checker_concurent_6,2026-06-04T22:37:18.330046078
checker_concurent_6,2026-06-04T22:37:18.330108906
checker_concurent_6,2026-06-04T22:37:18.330139758
checker_concurent_6,2026-06-04T22:37:18.330171132
checker_concurent_6,2026-06-04T22:37:18.330199268
checker_concurent_6,2026-06-04T22:37:18.330224628
checker_concurent_6,2026-06-04T22:37:18.330257335
checker_concurent_6,2026-06-04T22:37:18.330291765
checker_concurent_6,2026-06-04T22:37:18.330315622
checker_concurent_6,2026-06-04T22:37:18.33034044
checker_concurent_6,2026-06-04T22:37:18.330385776
checker_concurent_6,2026-06-04T22:37:18.330403979
checker_concurent_6,2026-06-04T22:37:18.330420217
checker_concurent_6,2026-06-04T22:37:18.330434912
checker_concurent_6,2026-06-04T22:37:18.330450709
checker_concurent_6,2026-06-04T22:37:18.330468771
checker_concurent_6,2026-06-04T22:37:18.330483666
checker_concurent_6,2026-06-04T22:37:18.330497318
checker_concurent_7,2026-06-04T22:37:18.330526006
checker_concurent_7,2026-06-04T22:37:18.330568415
checker_concurent_7,2026-06-04T22:37:18.330603718
checker_concurent_7,2026-06-04T22:37:18.330624006
checker_concurent_7,2026-06-04T22:37:18.330645887
checker_concurent_7,2026-06-04T22:37:18.330660091
checker_concurent_7,2026-06-04T22:37:18.330674324
checker_concurent_7,2026-06-04T22:37:18.330688046
checker_concurent_7,2026-06-04T22:37:18.330704575
checker_concurent_7,2026-06-04T22:37:18.330717305
checker_concurent_7,2026-06-04T22:37:18.330732812
checker_concurent_7,2026-06-04T22:37:18.330765027
checker_concurent_7,2026-06-04T22:37:18.330780113
checker_concurent_7,2026-06-04T22:37:18.330793133
checker_concurent_7,2026-06-04T22:37:18.330806364
checker_concurent_7,2026-06-04T22:37:18.330819766
checker_concurent_7,2026-06-04T22:37:18.33083427
checker_concurent_7,2026-06-04T22:37:18.330846809
checker_concurent_7,2026-06-04T22:37:18.3308682
checker_concurent_7,2026-06-04T22:37:18.330882924
checker_concurent_7,2026-06-04T22:37:18.330896526
checker_concurent_7,2026-06-04T22:37:18.330910108
checker_concurent_7,2026-06-04T22:37:18.33092376
checker_concurent_7,2026-06-04T22:37:18.330937072
checker_concurent_3,2026-06-04T22:37:18.330962241
checker_concurent_3,2026-06-04T22:37:18.331002565
checker_concurent_3,2026-06-04T22:37:18.331031223
checker_concurent_3,2026-06-04T22:37:18.331049806
checker_concurent_3,2026-06-04T22:37:18.331065002
checker_concurent_3,2026-06-04T22:37:18.33108124
checker_concurent_3,2026-06-04T22:37:18.331095133
checker_concurent_3,2026-06-04T22:37:18.331108304
checker_concurent_3,2026-06-04T22:37:18.3311235
checker_concurent_3,2026-06-04T22:37:18.331136981
checker_concurent_3,2026-06-04T22:37:18.331150463
checker_concurent_3,2026-06-04T22:37:18.331165649
checker_concurent_3,2026-06-04T22:37:18.331178659
checker_concurent_3,2026-06-04T22:37:18.33119163
checker_concurent_3,2026-06-04T22:37:18.331205001
checker_concurent_3,2026-06-04T22:37:18.331218613
checker_concurent_3,2026-06-04T22:37:18.331231734
checker_concurent_3,2026-06-04T22:37:18.331245015
checker_concurent_3,2026-06-04T22:37:18.331257645
checker_concurent_3,2026-06-04T22:37:18.331269884
checker_concurent_9,2026-06-04T22:37:18.331292346
checker_concurent_9,2026-06-04T22:37:18.331337332
checker_concurent_9,2026-06-04T22:37:18.331353841
checker_concurent_9,2026-06-04T22:37:18.331368525
checker_concurent_9,2026-06-04T22:37:18.331381366
checker_concurent_9,2026-06-04T22:37:18.331394757
checker_concurent_9,2026-06-04T22:37:18.331410153
checker_concurent_9,2026-06-04T22:37:18.331423926
checker_concurent_9,2026-06-04T22:37:18.331437207
checker_concurent_9,2026-06-04T22:37:18.331450037
checker_concurent_9,2026-06-04T22:37:18.331463529
checker_concurent_8,2026-06-04T22:37:18.331499343
checker_concurent_8,2026-06-04T22:37:18.331542013
checker_concurent_8,2026-06-04T22:37:18.331565629
checker_concurent_8,2026-06-04T22:37:18.33158738
checker_concurent_8,2026-06-04T22:37:18.331607517
checker_concurent_8,2026-06-04T22:37:18.331625158
checker_concurent_8,2026-06-04T22:37:18.331643973
checker_concurent_8,2026-06-04T22:37:18.331663298
checker_concurent_8,2026-06-04T22:37:18.331681711
checker_concurent_8,2026-06-04T22:37:18.331701829
checker_concurent_8,2026-06-04T22:37:18.331719761
checker_concurent_8,2026-06-04T22:37:18.331737803
checker_concurent_8,2026-06-04T22:37:18.331755575
checker_concurent_8,2026-06-04T22:37:18.331774199
checker_concurent_8,2026-06-04T22:37:18.33179187
checker_concurent_8,2026-06-04T22:37:18.331809582
checker_concurent_8,2026-06-04T22:37:18.331828286
checker_concurent_8,2026-06-04T22:37:18.33184727
checker_concurent_8,2026-06-04T22:37:18.331864701
checker_concurent_8,2026-06-04T22:37:18.331880749
checker_concurent_8,2026-06-04T22:37:18.331899042
checker_concurent_8,2026-06-04T22:37:18.331917295
checker_concurent_11,2026-06-04T22:37:18.331955835
checker_concurent_11,2026-06-04T22:37:18.331999739
checker_concurent_11,2026-06-04T22:37:18.332077481
checker_concurent_11,2026-06-04T22:37:18.332103332
checker_concurent_11,2026-06-04T22:37:18.332126025
checker_concurent_11,2026-06-04T22:37:18.332153329
checker_concurent_11,2026-06-04T22:37:18.33217478
checker_concurent_11,2026-06-04T22:37:18.33219617
checker_concurent_11,2026-06-04T22:37:18.332223444
checker_concurent_11,2026-06-04T22:37:18.332259489
checker_concurent_11,2026-06-04T22:37:18.332283626
checker_concurent_12,2026-06-04T22:37:18.332340439
checker_concurent_12,2026-06-04T22:37:18.332381415
checker_concurent_12,2026-06-04T22:37:18.332410764
checker_concurent_12,2026-06-04T22:37:18.332433578
checker_concurent_12,2026-06-04T22:37:18.332446989
checker_concurent_12,2026-06-04T22:37:18.332460301
checker_concurent_12,2026-06-04T22:37:18.332477471
checker_concurent_12,2026-06-04T22:37:18.332490873
checker_concurent_12,2026-06-04T22:37:18.332508313
checker_concurent_12,2026-06-04T22:37:18.332525313
checker_concurent_12,2026-06-04T22:37:18.332546233
checker_concurent_12,2026-06-04T22:37:18.332558742
checker_concurent_12,2026-06-04T22:37:18.332628406
checker_concurent_12,2026-06-04T22:37:18.332645105
checker_concurent_13,2026-06-04T22:37:18.332678243
checker_concurent_13,2026-06-04T22:37:18.332741802
checker_concurent_13,2026-06-04T22:37:18.332778258
checker_concurent_13,2026-06-04T22:37:18.332812368
checker_concurent_13,2026-06-04T22:37:18.332842849
checker_concurent_13,2026-06-04T22:37:18.332866906
checker_concurent_13,2026-06-04T22:37:18.332888777
checker_concurent_13,2026-06-04T22:37:18.332924832
checker_concurent_13,2026-06-04T22:37:18.332954371
checker_concurent_13,2026-06-04T22:37:18.333076518
checker_concurent_13,2026-06-04T22:37:18.333118778
checker_concurent_13,2026-06-04T22:37:18.333145731
checker_concurent_13,2026-06-04T22:37:18.333165367
checker_concurent_13,2026-06-04T22:37:18.333183179
checker_concurent_13,2026-06-04T22:37:18.333200149
checker_concurent_13,2026-06-04T22:37:18.333217039
checker_concurent_13,2026-06-04T22:37:18.33323473
checker_concurent_13,2026-06-04T22:37:18.333252923
checker_concurent_13,2026-06-04T22:37:18.33327717
checker_concurent_13,2026-06-04T22:37:18.333298159
checker_concurent_13,2026-06-04T22:37:18.333317866
checker_concurent_15,2026-06-04T22:37:18.33334547
checker_concurent_19,2026-06-04T22:37:18.333410924
checker_concurent_19,2026-06-04T22:37:18.333491684
checker_concurent_19,2026-06-04T22:37:18.333520823
checker_concurent_19,2026-06-04T22:37:18.333582197
checker_concurent_19,2026-06-04T22:37:18.333657844
checker_concurent_19,2026-06-04T22:37:18.333689258
checker_concurent_19,2026-06-04T22:37:18.333717154
checker_concurent_19,2026-06-04T22:37:18.333751154
checker_concurent_19,2026-06-04T22:37:18.333776223
checker_concurent_19,2026-06-04T22:37:18.333803316
checker_concurent_19,2026-06-04T22:37:18.333831122
checker_concurent_19,2026-06-04T22:37:18.333853725
checker_concurent_19,2026-06-04T22:37:18.333877661
checker_concurent_19,2026-06-04T22:37:18.333900164
checker_concurent_19,2026-06-04T22:37:18.333926636
checker_concurent_19,2026-06-04T22:37:18.33394938
checker_concurent_19,2026-06-04T22:37:18.333971532
checker_concurent_19,2026-06-04T22:37:18.334005942
checker_concurent_19,2026-06-04T22:37:18.334028836
checker_concurent_19,2026-06-04T22:37:18.334080087
checker_concurent_19,2026-06-04T22:37:18.334101878
checker_concurent_19,2026-06-04T22:37:18.334116643
checker_concurent_19,2026-06-04T22:37:18.334137762
checker_concurent_19,2026-06-04T22:37:18.334159994
checker_concurent_18,2026-06-04T22:37:18.33419212
checker_concurent_18,2026-06-04T22:37:18.334226631
checker_concurent_18,2026-06-04T22:37:18.334249825
checker_concurent_18,2026-06-04T22:37:18.334266765
checker_concurent_18,2026-06-04T22:37:18.334283064
checker_concurent_18,2026-06-04T22:37:18.334301757
checker_concurent_18,2026-06-04T22:37:18.334316873
checker_concurent_18,2026-06-04T22:37:18.334333973
checker_concurent_18,2026-06-04T22:37:18.334349149
checker_concurent_18,2026-06-04T22:37:18.334368685
checker_concurent_18,2026-06-04T22:37:18.334385885
checker_concurent_18,2026-06-04T22:37:18.334400981
checker_concurent_18,2026-06-04T22:37:18.33441757
checker_concurent_18,2026-06-04T22:37:18.334435341
checker_concurent_18,2026-06-04T22:37:18.334455028
checker_concurent_18,2026-06-04T22:37:18.334470815
checker_concurent_18,2026-06-04T22:37:18.334484477
checker_concurent_18,2026-06-04T22:37:18.334504073
checker_concurent_18,2026-06-04T22:37:18.334514718
addMedic,2026-06-04T22:38:48.948156528
addMedic,2026-06-04T22:38:48.951526631
findMedicById,2026-06-04T22:38:48.951717962
findMediciByDepartament,2026-06-04T22:38:48.951866706
getSortedMedici,2026-06-04T22:38:48.951993635
deleteMedic,2026-06-04T22:38:48.952350965
findMedicById,2026-06-04T22:38:48.952497774
findMediciByDepartament,2026-06-04T22:38:48.952611537
deleteMedic,2026-06-04T22:38:48.952711381
findMedicById,2026-06-04T22:38:48.952810944
addPacient,2026-06-04T22:38:48.954323473
addPacient,2026-06-04T22:38:48.954693298
findPacientByName,2026-06-04T22:38:48.954826731
findPacientiByDiagnostic,2026-06-04T22:38:48.954955704
getUrgentPacienti,2026-06-04T22:38:48.955100169
getUrgentPacienti,2026-06-04T22:38:48.955235105
deletePacient,2026-06-04T22:38:48.955343747
findPacientByName,2026-06-04T22:38:48.955442338
deletePacient,2026-06-04T22:38:48.955619971
findPacientByName,2026-06-04T22:38:48.955748613
findPacientiByDiagnostic,2026-06-04T22:38:48.955892257
addSala,2026-06-04T22:38:48.957140606
addSala,2026-06-04T22:38:48.957281664
findSala,2026-06-04T22:38:48.957400657
getAllSali,2026-06-04T22:38:48.957522466
findSala,2026-06-04T22:38:48.957621689
findSala,2026-06-04T22:38:48.95771546
deleteSala,2026-06-04T22:38:48.957823351
findSala,2026-06-04T22:38:48.957919818
deleteSala,2026-06-04T22:38:48.958045945
findSala,2026-06-04T22:38:48.958146811
findSala,2026-06-04T22:38:48.95883638
addMedicament,2026-06-04T22:38:48.963730285
findMedicamentByName,2026-06-04T22:38:48.963904761
deleteMedicament,2026-06-04T22:38:48.964243833
findMedicamentByName,2026-06-04T22:38:48.964369991
findMedicamentByName,2026-06-04T22:38:48.964759096
addMedic,2026-06-04T22:38:48.965326825
addMedic,2026-06-04T22:38:48.965678784
findMedicById,2026-06-04T22:38:48.96595584
checker_actiune_1,2026-06-04T22:38:48.976350579
checker_actiune_2,2026-06-04T22:38:48.981173569
checker_concurent_1,2026-06-04T22:38:48.987158161
checker_concurent_1,2026-06-04T22:38:48.987546374
checker_concurent_1,2026-06-04T22:38:48.987802167
checker_concurent_6,2026-06-04T22:38:48.988003538
checker_concurent_6,2026-06-04T22:38:48.988193857
checker_concurent_6,2026-06-04T22:38:48.988325917
checker_concurent_6,2026-06-04T22:38:48.988417183
checker_concurent_6,2026-06-04T22:38:48.988513239
checker_concurent_6,2026-06-04T22:38:48.988600818
checker_concurent_6,2026-06-04T22:38:48.988684329
checker_concurent_16,2026-06-04T22:38:48.989112824
checker_concurent_16,2026-06-04T22:38:48.989290326
checker_concurent_16,2026-06-04T22:38:48.989399369
checker_concurent_16,2026-06-04T22:38:48.989511167
checker_concurent_16,2026-06-04T22:38:48.989590429
checker_concurent_16,2026-06-04T22:38:48.98972296
checker_concurent_16,2026-06-04T22:38:48.989841803
checker_concurent_16,2026-06-04T22:38:48.989966547
checker_concurent_16,2026-06-04T22:38:48.990065058
checker_concurent_16,2026-06-04T22:38:48.990157026
checker_concurent_16,2026-06-04T22:38:48.990244996
checker_concurent_16,2026-06-04T22:38:48.99032538
checker_concurent_16,2026-06-04T22:38:48.990421897
checker_concurent_16,2026-06-04T22:38:48.990497943
checker_concurent_16,2026-06-04T22:38:48.99057032
checker_concurent_16,2026-06-04T22:38:48.990641856
checker_concurent_16,2026-06-04T22:38:48.990708733
checker_concurent_16,2026-06-04T22:38:48.99080518
checker_concurent_16,2026-06-04T22:38:48.990908992
checker_concurent_16,2026-06-04T22:38:48.991044068
checker_concurent_16,2026-06-04T22:38:48.99114817
checker_concurent_16,2026-06-04T22:38:48.991235098
checker_concurent_16,2026-06-04T22:38:48.991328248
checker_concurent_16,2026-06-04T22:38:48.991465879
checker_concurent_16,2026-06-04T22:38:48.991653523
checker_concurent_3,2026-06-04T22:38:48.991860936
checker_concurent_3,2026-06-04T22:38:48.992145257
checker_concurent_3,2026-06-04T22:38:48.992287016
checker_concurent_3,2026-06-04T22:38:48.992427122
checker_concurent_3,2026-06-04T22:38:48.992623584
checker_concurent_3,2026-06-04T22:38:48.992738428
checker_concurent_3,2026-06-04T22:38:48.992820746
checker_concurent_3,2026-06-04T22:38:48.992929298
checker_concurent_3,2026-06-04T22:38:48.993027829
checker_concurent_3,2026-06-04T22:38:48.993186443
checker_concurent_3,2026-06-04T22:38:48.993300496
checker_concurent_3,2026-06-04T22:38:48.993394167
checker_concurent_3,2026-06-04T22:38:48.993474321
checker_concurent_0,2026-06-04T22:38:48.993645481
checker_concurent_0,2026-06-04T22:38:48.993819506
checker_concurent_0,2026-06-04T22:38:48.993968891
checker_concurent_2,2026-06-04T22:38:48.994158148
checker_concurent_2,2026-06-04T22:38:48.994300188
checker_concurent_2,2026-06-04T22:38:48.99440396
checker_concurent_2,2026-06-04T22:38:48.994481548
checker_concurent_2,2026-06-04T22:38:48.994583336
checker_concurent_2,2026-06-04T22:38:48.994660904
checker_concurent_2,2026-06-04T22:38:48.994735046
checker_concurent_2,2026-06-04T22:38:48.994827765
checker_concurent_2,2026-06-04T22:38:48.99491329
checker_concurent_2,2026-06-04T22:38:48.994989445
checker_concurent_2,2026-06-04T22:38:48.995098308
checker_concurent_2,2026-06-04T22:38:48.995215377
checker_concurent_2,2026-06-04T22:38:48.995291132
checker_concurent_2,2026-06-04T22:38:48.995363459
checker_concurent_2,2026-06-04T22:38:48.995554519
checker_concurent_2,2026-06-04T22:38:48.995624793
checker_concurent_0,2026-06-04T22:38:48.995719587
checker_concurent_0,2026-06-04T22:38:48.995814059
checker_concurent_0,2026-06-04T22:38:48.995916328
checker_concurent_0,2026-06-04T22:38:48.996019228
checker_concurent_0,2026-06-04T22:38:48.996116557
checker_concurent_0,2026-06-04T22:38:48.996182542
checker_concurent_0,2026-06-04T22:38:48.996256834
checker_concurent_0,2026-06-04T22:38:48.996335344
checker_concurent_0,2026-06-04T22:38:48.996403834
checker_concurent_3,2026-06-04T22:38:48.996590535
checker_concurent_19,2026-06-04T22:38:48.996890939
checker_concurent_19,2026-06-04T22:38:48.997045645
checker_concurent_19,2026-06-04T22:38:48.997183637
checker_concurent_19,2026-06-04T22:38:48.997313953
checker_concurent_19,2026-06-04T22:38:48.997487367
checker_concurent_19,2026-06-04T22:38:48.997574625
checker_concurent_19,2026-06-04T22:38:48.997671814
checker_concurent_19,2026-06-04T22:38:48.997748971
checker_concurent_19,2026-06-04T22:38:48.997856451
checker_concurent_19,2026-06-04T22:38:48.998091661
checker_concurent_19,2026-06-04T22:38:48.998188229
checker_concurent_19,2026-06-04T22:38:48.998259013
checker_concurent_18,2026-06-04T22:38:48.99839934
checker_concurent_18,2026-06-04T22:38:48.998534937
checker_concurent_18,2026-06-04T22:38:48.998762992
checker_concurent_18,2026-06-04T22:38:48.998939683
checker_concurent_18,2026-06-04T22:38:48.999053365
checker_concurent_18,2026-06-04T22:38:48.999181667
checker_concurent_18,2026-06-04T22:38:48.999284197
checker_concurent_18,2026-06-04T22:38:48.999380383
checker_concurent_18,2026-06-04T22:38:48.999490849
checker_concurent_18,2026-06-04T22:38:48.999596936
checker_concurent_18,2026-06-04T22:38:48.999682621
checker_concurent_18,2026-06-04T22:38:48.999770129
checker_concurent_18,2026-06-04T22:38:48.999842477
checker_concurent_18,2026-06-04T22:38:48.999899604
checker_concurent_18,2026-06-04T22:38:48.999958464
checker_concurent_18,2026-06-04T22:38:49.000027244
checker_concurent_17,2026-06-04T22:38:49.000204516
checker_concurent_17,2026-06-04T22:38:49.000329832
checker_concurent_17,2026-06-04T22:38:49.000426911
checker_concurent_17,2026-06-04T22:38:49.000503828
checker_concurent_17,2026-06-04T22:38:49.000567408
checker_concurent_17,2026-06-04T22:38:49.00063218
checker_concurent_17,2026-06-04T22:38:49.000703245
checker_concurent_17,2026-06-04T22:38:49.000762396
checker_concurent_17,2026-06-04T22:38:49.000819623
checker_concurent_17,2026-06-04T22:38:49.000888283
checker_concurent_17,2026-06-04T22:38:49.000946031
checker_concurent_17,2026-06-04T22:38:49.001270986
checker_concurent_17,2026-06-04T22:38:49.001336019
checker_concurent_17,2026-06-04T22:38:49.001405832
checker_concurent_17,2026-06-04T22:38:49.001464582
checker_concurent_17,2026-06-04T22:38:49.001518543
checker_concurent_17,2026-06-04T22:38:49.001574427
checker_concurent_17,2026-06-04T22:38:49.001642356
checker_concurent_17,2026-06-04T22:38:49.001699363
checker_concurent_17,2026-06-04T22:38:49.001771301
checker_concurent_17,2026-06-04T22:38:49.001825772
checker_concurent_17,2026-06-04T22:38:49.001882077
checker_concurent_17,2026-06-04T22:38:49.001934815
checker_concurent_17,2026-06-04T22:38:49.001991842
checker_concurent_17,2026-06-04T22:38:49.002085123
checker_concurent_6,2026-06-04T22:38:49.002214779
checker_concurent_6,2026-06-04T22:38:49.002354184
checker_concurent_6,2026-06-04T22:38:49.002428346
checker_concurent_6,2026-06-04T22:38:49.002499703
checker_concurent_6,2026-06-04T22:38:49.002593184
checker_concurent_6,2026-06-04T22:38:49.00296203
checker_concurent_6,2026-06-04T22:38:49.00348454
checker_concurent_6,2026-06-04T22:38:49.003924912
checker_concurent_6,2026-06-04T22:38:49.004403883
checker_concurent_6,2026-06-04T22:38:49.00485157
checker_concurent_6,2026-06-04T22:38:49.005147627
checker_concurent_6,2026-06-04T22:38:49.005214574
checker_concurent_6,2026-06-04T22:38:49.005295229
checker_concurent_6,2026-06-04T22:38:49.005379582
checker_concurent_6,2026-06-04T22:38:49.005452982
checker_concurent_6,2026-06-04T22:38:49.0055301
checker_concurent_6,2026-06-04T22:38:49.005614102
checker_concurent_6,2026-06-04T22:38:49.00573037
checker_concurent_15,2026-06-04T22:38:49.005884186
checker_concurent_15,2026-06-04T22:38:49.006042219
checker_concurent_15,2026-06-04T22:38:49.006145982
checker_concurent_15,2026-06-04T22:38:49.006222869
checker_concurent_15,2026-06-04T22:38:49.006298194
checker_concurent_15,2026-06-04T22:38:49.006364569
checker_concurent_15,2026-06-04T22:38:49.006432739
checker_concurent_15,2026-06-04T22:38:49.006516
checker_concurent_15,2026-06-04T22:38:49.006573628
checker_concurent_15,2026-06-04T22:38:49.006663221
checker_concurent_15,2026-06-04T22:38:49.006839372
checker_concurent_15,2026-06-04T22:38:49.006905768
checker_concurent_15,2026-06-04T22:38:49.006964298
checker_concurent_15,2026-06-04T22:38:49.007046626
checker_concurent_15,2026-06-04T22:38:49.007104164
checker_concurent_15,2026-06-04T22:38:49.007158987
checker_concurent_15,2026-06-04T22:38:49.0072292
checker_concurent_15,2026-06-04T22:38:49.007301148
checker_concurent_15,2026-06-04T22:38:49.007380841
checker_concurent_15,2026-06-04T22:38:49.007482048
checker_concurent_15,2026-06-04T22:38:49.007556641
checker_concurent_15,2026-06-04T22:38:49.007623047
checker_concurent_15,2026-06-04T22:38:49.007678962
checker_concurent_15,2026-06-04T22:38:49.007739596
checker_concurent_14,2026-06-04T22:38:49.007999158
checker_concurent_14,2026-06-04T22:38:49.008152652
checker_concurent_14,2026-06-04T22:38:49.008472908
checker_concurent_14,2026-06-04T22:38:49.008625761
checker_concurent_14,2026-06-04T22:38:49.008687698
checker_concurent_14,2026-06-04T22:38:49.008745146
checker_concurent_14,2026-06-04T22:38:49.008797633
checker_concurent_14,2026-06-04T22:38:49.008914883
checker_concurent_14,2026-06-04T22:38:49.008978985
checker_concurent_14,2026-06-04T22:38:49.009048036
checker_concurent_14,2026-06-04T22:38:49.009106616
checker_concurent_14,2026-06-04T22:38:49.009172762
checker_concurent_14,2026-06-04T22:38:49.009236913
checker_concurent_14,2026-06-04T22:38:49.009315223
checker_concurent_14,2026-06-04T22:38:49.009379475
checker_concurent_14,2026-06-04T22:38:49.00943051
checker_concurent_14,2026-06-04T22:38:49.009487667
checker_concurent_14,2026-06-04T22:38:49.009539092
checker_concurent_13,2026-06-04T22:38:49.00980672
checker_concurent_13,2026-06-04T22:38:49.009969584
checker_concurent_13,2026-06-04T22:38:49.010189835
checker_concurent_13,2026-06-04T22:38:49.010323429
checker_concurent_13,2026-06-04T22:38:49.010394514
checker_concurent_13,2026-06-04T22:38:49.010447323
checker_concurent_13,2026-06-04T22:38:49.010500391
checker_concurent_12,2026-06-04T22:38:49.010648896
checker_concurent_12,2026-06-04T22:38:49.010773591
checker_concurent_12,2026-06-04T22:38:49.010839476
checker_concurent_12,2026-06-04T22:38:49.010903337
checker_concurent_12,2026-06-04T22:38:49.010965053
checker_concurent_12,2026-06-04T22:38:49.011025066
checker_concurent_12,2026-06-04T22:38:49.011079938
checker_concurent_12,2026-06-04T22:38:49.011130452
checker_concurent_12,2026-06-04T22:38:49.011196387
checker_concurent_12,2026-06-04T22:38:49.011286642
checker_concurent_12,2026-06-04T22:38:49.011436419
checker_concurent_12,2026-06-04T22:38:49.011558729
checker_concurent_12,2026-06-04T22:38:49.011675478
checker_concurent_12,2026-06-04T22:38:49.011751243
checker_concurent_12,2026-06-04T22:38:49.011814994
checker_concurent_12,2026-06-04T22:38:49.011867311
checker_concurent_12,2026-06-04T22:38:49.01192065
checker_concurent_12,2026-06-04T22:38:49.011971304
checker_concurent_12,2026-06-04T22:38:49.01203297
checker_concurent_12,2026-06-04T22:38:49.012090027
checker_concurent_12,2026-06-04T22:38:49.012154359
checker_concurent_12,2026-06-04T22:38:49.012201796
checker_concurent_12,2026-06-04T22:38:49.012243502
checker_concurent_12,2026-06-04T22:38:49.012302202
checker_concurent_12,2026-06-04T22:38:49.01235983
checker_concurent_11,2026-06-04T22:38:49.012542214
checker_concurent_11,2026-06-04T22:38:49.012698013
checker_concurent_11,2026-06-04T22:38:49.012796154
checker_concurent_11,2026-06-04T22:38:49.012855105
checker_concurent_11,2026-06-04T22:38:49.012914326
checker_concurent_10,2026-06-04T22:38:49.013065265
checker_concurent_11,2026-06-04T22:38:49.0132044
checker_concurent_9,2026-06-04T22:38:49.013406384
checker_concurent_8,2026-06-04T22:38:49.013590902
checker_concurent_8,2026-06-04T22:38:49.0137756
checker_concurent_8,2026-06-04T22:38:49.013860765
checker_concurent_8,2026-06-04T22:38:49.013923774
checker_concurent_8,2026-06-04T22:38:49.013981973
checker_concurent_8,2026-06-04T22:38:49.014072599
checker_concurent_8,2026-06-04T22:38:49.014178245
checker_concurent_8,2026-06-04T22:38:49.014233659
checker_concurent_7,2026-06-04T22:38:49.014332581
checker_concurent_1,2026-06-04T22:38:49.014478059
checker_concurent_5,2026-06-04T22:38:49.014674662
checker_concurent_4,2026-06-04T22:38:49.014866364
checker_concurent_5,2026-06-04T22:38:49.015007964
checker_concurent_5,2026-06-04T22:38:49.015081976
checker_concurent_5,2026-06-04T22:38:49.015132209
checker_concurent_5,2026-06-04T22:38:49.015185478
checker_concurent_5,2026-06-04T22:38:49.015228176
checker_concurent_5,2026-06-04T22:38:49.015276825
checker_concurent_5,2026-06-04T22:38:49.015317859
checker_concurent_5,2026-06-04T22:38:49.015360487
checker_concurent_5,2026-06-04T22:38:49.015399687
checker_concurent_5,2026-06-04T22:38:49.015437154
checker_concurent_5,2026-06-04T22:38:49.015475813
checker_concurent_5,2026-06-04T22:38:49.015513981
checker_concurent_5,2026-06-04T22:38:49.015553833
checker_concurent_5,2026-06-04T22:38:49.015592592
checker_concurent_5,2026-06-04T22:38:49.015632384
checker_concurent_5,2026-06-04T22:38:49.015671444
checker_concurent_5,2026-06-04T22:38:49.015705674
checker_concurent_5,2026-06-04T22:38:49.015742459
checker_concurent_5,2026-06-04T22:38:49.015780788
checker_concurent_5,2026-06-04T22:38:49.015827002
checker_concurent_5,2026-06-04T22:38:49.015867215
checker_concurent_5,2026-06-04T22:38:49.015901495
checker_concurent_5,2026-06-04T22:38:49.016088338
checker_concurent_5,2026-06-04T22:38:49.016128259
checker_concurent_1,2026-06-04T22:38:49.016222903
checker_concurent_1,2026-06-04T22:38:49.016301635
checker_concurent_1,2026-06-04T22:38:49.016360154
checker_concurent_1,2026-06-04T22:38:49.016402331
checker_concurent_1,2026-06-04T22:38:49.01644588
checker_concurent_1,2026-06-04T22:38:49.016487175
checker_concurent_1,2026-06-04T22:38:49.016529331
checker_concurent_1,2026-06-04T22:38:49.016571908
checker_concurent_1,2026-06-04T22:38:49.016608734
checker_concurent_1,2026-06-04T22:38:49.016649056
checker_concurent_1,2026-06-04T22:38:49.016685761
checker_concurent_1,2026-06-04T22:38:49.016723709
checker_concurent_1,2026-06-04T22:38:49.016770775
checker_concurent_1,2026-06-04T22:38:49.016810888
checker_concurent_1,2026-06-04T22:38:49.016849938
checker_concurent_1,2026-06-04T22:38:49.016884729
checker_concurent_1,2026-06-04T22:38:49.016922145
checker_concurent_1,2026-06-04T22:38:49.016961406
checker_concurent_1,2026-06-04T22:38:49.016996428
checker_concurent_1,2026-06-04T22:38:49.017038333
checker_concurent_1,2026-06-04T22:38:49.017093957
checker_concurent_7,2026-06-04T22:38:49.017151064
checker_concurent_7,2026-06-04T22:38:49.01722685
checker_concurent_7,2026-06-04T22:38:49.017286101
checker_concurent_7,2026-06-04T22:38:49.01733917
checker_concurent_7,2026-06-04T22:38:49.017379963
checker_concurent_7,2026-06-04T22:38:49.017419865
checker_concurent_7,2026-06-04T22:38:49.017460588
checker_concurent_7,2026-06-04T22:38:49.017499398
checker_concurent_7,2026-06-04T22:38:49.017541143
checker_concurent_7,2026-06-04T22:38:49.017581997
checker_concurent_7,2026-06-04T22:38:49.01763687
checker_concurent_7,2026-06-04T22:38:49.01767601
checker_concurent_7,2026-06-04T22:38:49.017711863
checker_concurent_7,2026-06-04T22:38:49.017760172
checker_concurent_7,2026-06-04T22:38:49.017798661
checker_concurent_7,2026-06-04T22:38:49.017860347
checker_concurent_7,2026-06-04T22:38:49.017897614
checker_concurent_7,2026-06-04T22:38:49.017936373
checker_concurent_7,2026-06-04T22:38:49.018040717
checker_concurent_7,2026-06-04T22:38:49.018114037
checker_concurent_7,2026-06-04T22:38:49.018194021
checker_concurent_7,2026-06-04T22:38:49.018235045
checker_concurent_7,2026-06-04T22:38:49.01828652
checker_concurent_7,2026-06-04T22:38:49.018363628
checker_concurent_8,2026-06-04T22:38:49.018456479
checker_concurent_8,2026-06-04T22:38:49.018541322
checker_concurent_8,2026-06-04T22:38:49.018590924
checker_concurent_8,2026-06-04T22:38:49.018632249
checker_concurent_8,2026-06-04T22:38:49.018667781
checker_concurent_8,2026-06-04T22:38:49.018708134
checker_concurent_8,2026-06-04T22:38:49.018743286
checker_concurent_8,2026-06-04T22:38:49.018879415
checker_concurent_8,2026-06-04T22:38:49.018963277
checker_concurent_9,2026-06-04T22:38:49.019054373
checker_concurent_9,2026-06-04T22:38:49.019151382
checker_concurent_9,2026-06-04T22:38:49.019203799
checker_concurent_9,2026-06-04T22:38:49.019239242
checker_concurent_9,2026-06-04T22:38:49.019279875
checker_concurent_9,2026-06-04T22:38:49.019314717
checker_concurent_9,2026-06-04T22:38:49.019357614
checker_concurent_9,2026-06-04T22:38:49.019398809
checker_concurent_9,2026-06-04T22:38:49.019437388
checker_concurent_9,2026-06-04T22:38:49.019486579
checker_concurent_9,2026-06-04T22:38:49.019522011
checker_concurent_11,2026-06-04T22:38:49.019885716
checker_concurent_11,2026-06-04T22:38:49.020007526
checker_concurent_11,2026-06-04T22:38:49.020115617
checker_concurent_11,2026-06-04T22:38:49.020214289
checker_concurent_11,2026-06-04T22:38:49.020299844
checker_concurent_11,2026-06-04T22:38:49.020372563
checker_concurent_11,2026-06-04T22:38:49.02043933
checker_concurent_11,2026-06-04T22:38:49.020518492
checker_concurent_11,2026-06-04T22:38:49.020861675
checker_concurent_11,2026-06-04T22:38:49.02103468
checker_concurent_11,2026-06-04T22:38:49.021211813
checker_concurent_11,2026-06-04T22:38:49.02132757
checker_concurent_11,2026-06-04T22:38:49.021397182
checker_concurent_11,2026-06-04T22:38:49.021484872
checker_concurent_11,2026-06-04T22:38:49.021557441
checker_concurent_11,2026-06-04T22:38:49.02161563
checker_concurent_11,2026-06-04T22:38:49.021716998
checker_concurent_11,2026-06-04T22:38:49.021786179
checker_concurent_11,2026-06-04T22:38:49.021895814
checker_concurent_10,2026-06-04T22:38:49.022000098
checker_concurent_10,2026-06-04T22:38:49.022083488
checker_concurent_10,2026-06-04T22:38:49.022172481
checker_concurent_10,2026-06-04T22:38:49.022219828
checker_concurent_10,2026-06-04T22:38:49.022255791
checker_concurent_10,2026-06-04T22:38:49.022285432
checker_concurent_10,2026-06-04T22:38:49.022319331
checker_concurent_10,2026-06-04T22:38:49.022390046
checker_concurent_10,2026-06-04T22:38:49.022433816
checker_concurent_10,2026-06-04T22:38:49.022474078
checker_concurent_10,2026-06-04T22:38:49.022518219
checker_concurent_10,2026-06-04T22:38:49.022551497
checker_concurent_10,2026-06-04T22:38:49.0225919
checker_concurent_10,2026-06-04T22:38:49.022627032
checker_concurent_10,2026-06-04T22:38:49.022657925
checker_concurent_10,2026-06-04T22:38:49.022693117
checker_concurent_10,2026-06-04T22:38:49.022723379
checker_concurent_10,2026-06-04T22:38:49.022750404
checker_concurent_10,2026-06-04T22:38:49.022780807
checker_concurent_10,2026-06-04T22:38:49.022810578
checker_concurent_10,2026-06-04T22:38:49.022848425
checker_concurent_10,2026-06-04T22:38:49.022879318
checker_concurent_10,2026-06-04T22:38:49.022906614
checker_concurent_10,2026-06-04T22:38:49.022936936
checker_concurent_13,2026-06-04T22:38:49.023074688
checker_concurent_13,2026-06-04T22:38:49.023249877
checker_concurent_13,2026-06-04T22:38:49.02334391
checker_concurent_13,2026-06-04T22:38:49.023425317
checker_concurent_13,2026-06-04T22:38:49.023496332
checker_concurent_13,2026-06-04T22:38:49.023559582
checker_concurent_13,2026-06-04T22:38:49.023629605
checker_concurent_13,2026-06-04T22:38:49.023691472
checker_concurent_13,2026-06-04T22:38:49.023761265
checker_concurent_13,2026-06-04T22:38:49.023853053
checker_concurent_13,2026-06-04T22:38:49.023901693
checker_concurent_13,2026-06-04T22:38:49.023943057
checker_concurent_13,2026-06-04T22:38:49.023981987
checker_concurent_13,2026-06-04T22:38:49.024030777
checker_concurent_13,2026-06-04T22:38:49.024071641
checker_concurent_13,2026-06-04T22:38:49.024108997
checker_concurent_13,2026-06-04T22:38:49.024169531
checker_concurent_13,2026-06-04T22:38:49.02422764
checker_concurent_14,2026-06-04T22:38:49.02429118
checker_concurent_14,2026-06-04T22:38:49.024367667
checker_concurent_14,2026-06-04T22:38:49.024410375
checker_concurent_14,2026-06-04T22:38:49.024455497
checker_concurent_14,2026-06-04T22:38:49.024486891
checker_concurent_14,2026-06-04T22:38:49.024515209
checker_concurent_14,2026-06-04T22:38:49.024551804
checker_concurent_15,2026-06-04T22:38:49.024640887
checker_concurent_18,2026-06-04T22:38:49.024840726
checker_concurent_18,2026-06-04T22:38:49.024991104
checker_concurent_18,2026-06-04T22:38:49.025086239
checker_concurent_18,2026-06-04T22:38:49.025125479
checker_concurent_18,2026-06-04T22:38:49.025160431
checker_concurent_18,2026-06-04T22:38:49.025190633
checker_concurent_18,2026-06-04T22:38:49.025222518
checker_concurent_18,2026-06-04T22:38:49.025253602
checker_concurent_18,2026-06-04T22:38:49.025285918
checker_concurent_19,2026-06-04T22:38:49.02535055
checker_concurent_19,2026-06-04T22:38:49.025422989
checker_concurent_19,2026-06-04T22:38:49.025474915
checker_concurent_19,2026-06-04T22:38:49.025511059
checker_concurent_19,2026-06-04T22:38:49.025544838
checker_concurent_19,2026-06-04T22:38:49.025576183
checker_concurent_19,2026-06-04T22:38:49.025633901
checker_concurent_19,2026-06-04T22:38:49.025666087
checker_concurent_19,2026-06-04T22:38:49.025696188
checker_concurent_19,2026-06-04T22:38:49.025724025
checker_concurent_19,2026-06-04T22:38:49.025756101
checker_concurent_19,2026-06-04T22:38:49.025797336
checker_concurent_19,2026-06-04T22:38:49.025831536
checker_concurent_3,2026-06-04T22:38:49.025889715
checker_concurent_3,2026-06-04T22:38:49.025958856
checker_concurent_3,2026-06-04T22:38:49.02600439
checker_concurent_3,2026-06-04T22:38:49.026055585
checker_concurent_3,2026-06-04T22:38:49.026097541
checker_concurent_3,2026-06-04T22:38:49.026126891
checker_concurent_3,2026-06-04T22:38:49.026172564
checker_concurent_3,2026-06-04T22:38:49.026202506
checker_concurent_3,2026-06-04T22:38:49.026233219
checker_concurent_3,2026-06-04T22:38:49.026262689
checker_concurent_3,2026-06-04T22:38:49.026301138
checker_concurent_0,2026-06-04T22:38:49.026374979
checker_concurent_0,2026-06-04T22:38:49.026455213
checker_concurent_0,2026-06-04T22:38:49.026533634
checker_concurent_0,2026-06-04T22:38:49.026581492
checker_concurent_0,2026-06-04T22:38:49.026641936
checker_concurent_0,2026-06-04T22:38:49.026687098
checker_concurent_0,2026-06-04T22:38:49.02672698
checker_concurent_0,2026-06-04T22:38:49.026769808
checker_concurent_0,2026-06-04T22:38:49.026808727
checker_concurent_0,2026-06-04T22:38:49.026858309
checker_concurent_0,2026-06-04T22:38:49.026900295
checker_concurent_0,2026-06-04T22:38:49.026939886
checker_concurent_0,2026-06-04T22:38:49.026981361
checker_concurent_2,2026-06-04T22:38:49.027118672
checker_concurent_2,2026-06-04T22:38:49.02727379
checker_concurent_2,2026-06-04T22:38:49.027412755
checker_concurent_2,2026-06-04T22:38:49.027485484
checker_concurent_2,2026-06-04T22:38:49.027519293
checker_concurent_2,2026-06-04T22:38:49.027549184
checker_concurent_2,2026-06-04T22:38:49.02757663
checker_concurent_2,2026-06-04T22:38:49.027606572
checker_concurent_2,2026-06-04T22:38:49.027645682
checker_concurent_9,2026-06-04T22:38:49.027782312
checker_concurent_9,2026-06-04T22:38:49.027939654
checker_concurent_9,2026-06-04T22:38:49.028066654
checker_concurent_9,2026-06-04T22:38:49.028191309
checker_concurent_9,2026-06-04T22:38:49.028269159
checker_concurent_9,2026-06-04T22:38:49.028344633
checker_concurent_9,2026-06-04T22:38:49.028408194
checker_concurent_9,2026-06-04T22:38:49.028492236
checker_concurent_9,2026-06-04T22:38:49.028593423
checker_concurent_9,2026-06-04T22:38:49.028737097
checker_concurent_9,2026-06-04T22:38:49.028780536
checker_concurent_9,2026-06-04T22:38:49.028809305
checker_concurent_9,2026-06-04T22:38:49.028843606
checker_concurent_8,2026-06-04T22:38:49.02892884
checker_concurent_8,2026-06-04T22:38:49.029025258
checker_concurent_8,2026-06-04T22:38:49.02926566
checker_concurent_8,2026-06-04T22:38:49.029359392
checker_concurent_8,2026-06-04T22:38:49.02942679
checker_concurent_8,2026-06-04T22:38:49.029475059
checker_concurent_8,2026-06-04T22:38:49.029528669
checker_concurent_8,2026-06-04T22:38:49.0295729
checker_concurent_4,2026-06-04T22:38:49.029645188
checker_concurent_4,2026-06-04T22:38:49.029758971
checker_concurent_4,2026-06-04T22:38:49.029818072
checker_concurent_4,2026-06-04T22:38:49.02990509
checker_concurent_4,2026-06-04T22:38:49.029957447
checker_concurent_4,2026-06-04T22:38:49.029994323
checker_concurent_4,2026-06-04T22:38:49.030040959
checker_concurent_4,2026-06-04T22:38:49.030085209
checker_concurent_4,2026-06-04T22:38:49.030126694
checker_concurent_4,2026-06-04T22:38:49.030167678
checker_concurent_4,2026-06-04T22:38:49.030197329
checker_concurent_4,2026-06-04T22:38:49.030250407
checker_concurent_4,2026-06-04T22:38:49.030361074
checker_concurent_4,2026-06-04T22:38:49.030451309
checker_concurent_4,2026-06-04T22:38:49.030515621
checker_concurent_4,2026-06-04T22:38:49.030578039
checker_concurent_4,2026-06-04T22:38:49.030603611
checker_concurent_4,2026-06-04T22:38:49.0306424
checker_concurent_4,2026-06-04T22:38:49.030716723
checker_concurent_4,2026-06-04T22:38:49.030805304
checker_concurent_4,2026-06-04T22:38:49.030840596
checker_concurent_4,2026-06-04T22:38:49.030878173
checker_concurent_4,2026-06-04T22:38:49.030913476
checker_concurent_4,2026-06-04T22:38:49.032611013
addMedic,2026-06-04T22:38:49.15016902
addMedic,2026-06-04T22:38:49.153685453
findMedicById,2026-06-04T22:38:49.153881224
findMediciByDepartament,2026-06-04T22:38:49.154010699
getSortedMedici,2026-06-04T22:38:49.154167881
deleteMedic,2026-06-04T22:38:49.154438786
findMedicById,2026-06-04T22:38:49.154549553
findMediciByDepartament,2026-06-04T22:38:49.154729031
deleteMedic,2026-06-04T22:38:49.154878236
findMedicById,2026-06-04T22:38:49.155038935
addPacient,2026-06-04T22:38:49.156746504
addPacient,2026-06-04T22:38:49.157175993
findPacientByName,2026-06-04T22:38:49.157386585
findPacientiByDiagnostic,2026-06-04T22:38:49.157529127
getUrgentPacienti,2026-06-04T22:38:49.157759458
getUrgentPacienti,2026-06-04T22:38:49.157933475
deletePacient,2026-06-04T22:38:49.158080035
findPacientByName,2026-06-04T22:38:49.158311619
deletePacient,2026-06-04T22:38:49.15844859
findPacientByName,2026-06-04T22:38:49.158572754
findPacientiByDiagnostic,2026-06-04T22:38:49.158706869
addSala,2026-06-04T22:38:49.159862606
addSala,2026-06-04T22:38:49.160030821
findSala,2026-06-04T22:38:49.160182431
getAllSali,2026-06-04T22:38:49.160332459
findSala,2026-06-04T22:38:49.160467626
findSala,2026-06-04T22:38:49.160577641
deleteSala,2026-06-04T22:38:49.160704471
findSala,2026-06-04T22:38:49.160809566
deleteSala,2026-06-04T22:38:49.160947659
findSala,2026-06-04T22:38:49.161047423
findSala,2026-06-04T22:38:49.161830237
addMedicament,2026-06-04T22:38:49.167599505
findMedicamentByName,2026-06-04T22:38:49.167817651
deleteMedicament,2026-06-04T22:38:49.168215907
findMedicamentByName,2026-06-04T22:38:49.168341444
findMedicamentByName,2026-06-04T22:38:49.168733678
addMedic,2026-06-04T22:38:49.169358758
addMedic,2026-06-04T22:38:49.169713986
findMedicById,2026-06-04T22:38:49.170030996
salveaza_medic_db,2026-06-04T22:38:49.355110685
cauta_medic_db,2026-06-04T22:38:49.355981018
actualizeaza_medic_db,2026-06-04T22:38:49.356940393
cauta_medic_db,2026-06-04T22:38:49.357424875
listeaza_medici_db,2026-06-04T22:38:49.358166454
sterge_medic_db,2026-06-04T22:38:49.358981053
cauta_medic_db,2026-06-04T22:38:49.359285907
listeaza_medici_db,2026-06-04T22:38:49.359598959
salveaza_medic_db,2026-06-04T22:38:49.360695174
cauta_medic_db,2026-06-04T22:38:49.360972843
sterge_medic_db,2026-06-04T22:38:49.361712488
salveaza_sala_db,2026-06-04T22:38:49.363113588
actualizeaza_sala_db,2026-06-04T22:38:49.363704428
cauta_sala_db,2026-06-04T22:38:49.364054816
sterge_sala_db,2026-06-04T22:38:49.3651061
cauta_sala_db,2026-06-04T22:38:49.366341871
salveaza_medicament_db,2026-06-04T22:38:49.367725735
cauta_medicament_db,2026-06-04T22:38:49.368956126
actualizeaza_medicament_db,2026-06-04T22:38:49.369909659
cauta_medicament_db,2026-06-04T22:38:49.370294528
sterge_medicament_db,2026-06-04T22:38:49.371048903
cauta_medicament_db,2026-06-04T22:38:49.371432168
salveaza_medic_db,2026-06-04T22:38:49.372634912
interneaza_pacient_db,2026-06-04T22:38:49.375219426
cauta_pacient_db,2026-06-04T22:38:49.376454285
salveaza_medicament_db,2026-06-04T22:38:49.377837068
listeaza_pacienti_db,2026-06-04T22:38:49.378581072
prescrie_medicament_db,2026-06-04T22:38:49.380515053
cauta_medicament_db,2026-06-04T22:38:49.380744223
listeaza_pacienti_db,2026-06-04T22:38:49.381687705
prescrie_medicament_rollback,2026-06-04T22:38:49.382896071
cauta_medicament_db,2026-06-04T22:38:49.385278381
raport_pacienti_urgenti,2026-06-04T22:38:49.389672462
raport_pacienti_per_medic,2026-06-04T22:38:49.393212132
raport_top_medicamente,2026-06-04T22:38:49.397893872
listeaza_pacienti_db,2026-06-04T22:38:49.398827896
raport_prescriptii_pacient,2026-06-04T22:38:49.401172909
checker_actiune_1,2026-06-04T22:38:49.401586817
checker_actiune_2,2026-06-04T22:38:49.405287027
checker_concurent_0,2026-06-04T22:38:49.409308464
checker_concurent_5,2026-06-04T22:38:49.409687831
checker_concurent_5,2026-06-04T22:38:49.409893222
checker_concurent_5,2026-06-04T22:38:49.410059974
checker_concurent_5,2026-06-04T22:38:49.410219861
checker_concurent_5,2026-06-04T22:38:49.410345799
checker_concurent_5,2026-06-04T22:38:49.4104145
checker_concurent_5,2026-06-04T22:38:49.410484724
checker_concurent_5,2026-06-04T22:38:49.410534075
checker_concurent_5,2026-06-04T22:38:49.410579347
checker_concurent_5,2026-06-04T22:38:49.410626223
checker_concurent_5,2026-06-04T22:38:49.410677639
checker_concurent_5,2026-06-04T22:38:49.410728854
checker_concurent_5,2026-06-04T22:38:49.410782704
checker_concurent_5,2026-06-04T22:38:49.410834059
checker_concurent_5,2026-06-04T22:38:49.410882468
checker_concurent_5,2026-06-04T22:38:49.410929024
checker_concurent_5,2026-06-04T22:38:49.410972763
checker_concurent_5,2026-06-04T22:38:49.41345121
checker_concurent_7,2026-06-04T22:38:49.413794203
checker_concurent_7,2026-06-04T22:38:49.413935983
checker_concurent_7,2026-06-04T22:38:49.41399284
checker_concurent_7,2026-06-04T22:38:49.414058514
checker_concurent_7,2026-06-04T22:38:49.414108557
checker_concurent_6,2026-06-04T22:38:49.414199773
checker_concurent_6,2026-06-04T22:38:49.414310981
checker_concurent_6,2026-06-04T22:38:49.414385013
checker_concurent_6,2026-06-04T22:38:49.414433883
checker_concurent_6,2026-06-04T22:38:49.414488755
checker_concurent_6,2026-06-04T22:38:49.414533768
checker_concurent_6,2026-06-04T22:38:49.414578579
checker_concurent_6,2026-06-04T22:38:49.414635787
checker_concurent_6,2026-06-04T22:38:49.414678123
checker_concurent_6,2026-06-04T22:38:49.414724138
checker_concurent_6,2026-06-04T22:38:49.414787578
checker_concurent_6,2026-06-04T22:38:49.414843883
checker_concurent_6,2026-06-04T22:38:49.414883434
checker_concurent_6,2026-06-04T22:38:49.414932314
checker_concurent_6,2026-06-04T22:38:49.414976224
checker_concurent_6,2026-06-04T22:38:49.415030385
checker_concurent_6,2026-06-04T22:38:49.415082993
checker_concurent_6,2026-06-04T22:38:49.415170041
checker_concurent_6,2026-06-04T22:38:49.415231236
checker_concurent_6,2026-06-04T22:38:49.415297733
checker_concurent_6,2026-06-04T22:38:49.415380993
checker_concurent_6,2026-06-04T22:38:49.415448351
checker_concurent_6,2026-06-04T22:38:49.415548156
checker_concurent_6,2026-06-04T22:38:49.415607167
checker_concurent_6,2026-06-04T22:38:49.415747755
checker_concurent_0,2026-06-04T22:38:49.415903524
checker_concurent_0,2026-06-04T22:38:49.415978798
checker_concurent_0,2026-06-04T22:38:49.416072841
checker_concurent_0,2026-06-04T22:38:49.416155199
checker_concurent_0,2026-06-04T22:38:49.416224591
checker_concurent_0,2026-06-04T22:38:49.41628235
checker_concurent_0,2026-06-04T22:38:49.416327232
checker_concurent_0,2026-06-04T22:38:49.416368105
checker_concurent_0,2026-06-04T22:38:49.416405642
checker_concurent_0,2026-06-04T22:38:49.416463671
checker_concurent_0,2026-06-04T22:38:49.416514826
checker_concurent_0,2026-06-04T22:38:49.41656084
checker_concurent_0,2026-06-04T22:38:49.41659977
checker_concurent_0,2026-06-04T22:38:49.416646255
checker_concurent_0,2026-06-04T22:38:49.416683912
checker_concurent_0,2026-06-04T22:38:49.416727892
checker_concurent_0,2026-06-04T22:38:49.416765209
checker_concurent_0,2026-06-04T22:38:49.416811113
checker_concurent_0,2026-06-04T22:38:49.416851105
checker_concurent_0,2026-06-04T22:38:49.416912701
checker_concurent_0,2026-06-04T22:38:49.416963304
checker_concurent_0,2026-06-04T22:38:49.417001603
checker_concurent_0,2026-06-04T22:38:49.417042687
checker_concurent_4,2026-06-04T22:38:49.417177082
checker_concurent_4,2026-06-04T22:38:49.4172592
checker_concurent_4,2026-06-04T22:38:49.41731284
checker_concurent_4,2026-06-04T22:38:49.417353183
checker_concurent_4,2026-06-04T22:38:49.417396692
checker_concurent_4,2026-06-04T22:38:49.417433618
checker_concurent_4,2026-06-04T22:38:49.417469431
checker_concurent_4,2026-06-04T22:38:49.417505234
checker_concurent_4,2026-06-04T22:38:49.417547812
checker_concurent_4,2026-06-04T22:38:49.417583946
checker_concurent_4,2026-06-04T22:38:49.417639409
checker_concurent_4,2026-06-04T22:38:49.417686756
checker_concurent_4,2026-06-04T22:38:49.417730466
checker_concurent_4,2026-06-04T22:38:49.417782182
checker_concurent_4,2026-06-04T22:38:49.417829028
checker_concurent_4,2026-06-04T22:38:49.417865432
checker_concurent_4,2026-06-04T22:38:49.417901616
checker_concurent_4,2026-06-04T22:38:49.417936718
checker_concurent_4,2026-06-04T22:38:49.417970067
checker_concurent_4,2026-06-04T22:38:49.418001912
checker_concurent_4,2026-06-04T22:38:49.418043257
checker_concurent_4,2026-06-04T22:38:49.418096145
checker_concurent_4,2026-06-04T22:38:49.418189406
checker_concurent_4,2026-06-04T22:38:49.418232384
checker_concurent_4,2026-06-04T22:38:49.418268849
checker_concurent_3,2026-06-04T22:38:49.418378012
checker_concurent_3,2026-06-04T22:38:49.418463748
checker_concurent_3,2026-06-04T22:38:49.418515364
checker_concurent_3,2026-06-04T22:38:49.418574545
checker_concurent_3,2026-06-04T22:38:49.41862125
checker_concurent_3,2026-06-04T22:38:49.418735334
checker_concurent_3,2026-06-04T22:38:49.418813264
checker_concurent_3,2026-06-04T22:38:49.418882836
checker_concurent_3,2026-06-04T22:38:49.418959223
checker_concurent_3,2026-06-04T22:38:49.419040469
checker_concurent_3,2026-06-04T22:38:49.419116184
checker_concurent_3,2026-06-04T22:38:49.419183252
checker_concurent_3,2026-06-04T22:38:49.419258185
checker_concurent_3,2026-06-04T22:38:49.419330042
checker_concurent_3,2026-06-04T22:38:49.419399244
checker_concurent_3,2026-06-04T22:38:49.419469748
checker_concurent_3,2026-06-04T22:38:49.419566487
checker_concurent_3,2026-06-04T22:38:49.419649948
checker_concurent_3,2026-06-04T22:38:49.419720001
checker_concurent_3,2026-06-04T22:38:49.419791107
checker_concurent_3,2026-06-04T22:38:49.419883286
checker_concurent_3,2026-06-04T22:38:49.419932967
checker_concurent_3,2026-06-04T22:38:49.419970625
checker_concurent_3,2026-06-04T22:38:49.420004684
checker_concurent_3,2026-06-04T22:38:49.420054757
checker_concurent_1,2026-06-04T22:38:49.420124009
checker_concurent_1,2026-06-04T22:38:49.420199453
checker_concurent_1,2026-06-04T22:38:49.420252292
checker_concurent_1,2026-06-04T22:38:49.420293586
checker_concurent_1,2026-06-04T22:38:49.420376205
checker_concurent_1,2026-06-04T22:38:49.420435677
checker_concurent_1,2026-06-04T22:38:49.420465118
checker_concurent_1,2026-06-04T22:38:49.420496241
checker_concurent_1,2026-06-04T22:38:49.420525511
checker_concurent_1,2026-06-04T22:38:49.420552968
checker_concurent_1,2026-06-04T22:38:49.420580524
checker_concurent_1,2026-06-04T22:38:49.420606317
checker_concurent_1,2026-06-04T22:38:49.420638964
checker_concurent_1,2026-06-04T22:38:49.420671059
checker_concurent_1,2026-06-04T22:38:49.420708667
checker_concurent_1,2026-06-04T22:38:49.420760894
checker_concurent_1,2026-06-04T22:38:49.420818411
checker_concurent_1,2026-06-04T22:38:49.420847701
checker_concurent_1,2026-06-04T22:38:49.420872843
checker_concurent_1,2026-06-04T22:38:49.420902794
checker_concurent_1,2026-06-04T22:38:49.420927585
checker_concurent_1,2026-06-04T22:38:49.420954891
checker_concurent_1,2026-06-04T22:38:49.420985694
checker_concurent_1,2026-06-04T22:38:49.421021718
checker_concurent_1,2026-06-04T22:38:49.421090659
checker_concurent_2,2026-06-04T22:38:49.421175823
checker_concurent_2,2026-06-04T22:38:49.421270838
checker_concurent_2,2026-06-04T22:38:49.421325039
checker_concurent_2,2026-06-04T22:38:49.421365412
checker_concurent_2,2026-06-04T22:38:49.421397838
checker_concurent_2,2026-06-04T22:38:49.421433431
checker_concurent_2,2026-06-04T22:38:49.421492061
checker_concurent_2,2026-06-04T22:38:49.4215259
checker_concurent_2,2026-06-04T22:38:49.42155505
checker_concurent_2,2026-06-04T22:38:49.421595443
checker_concurent_2,2026-06-04T22:38:49.421627859
checker_concurent_2,2026-06-04T22:38:49.421656738
checker_concurent_2,2026-06-04T22:38:49.421692822
checker_concurent_2,2026-06-04T22:38:49.42172088
checker_concurent_0,2026-06-04T22:38:49.421778177
checker_concurent_7,2026-06-04T22:38:49.421955791
checker_concurent_7,2026-06-04T22:38:49.422061788
checker_concurent_7,2026-06-04T22:38:49.422130749
checker_concurent_5,2026-06-04T22:38:49.422219301
checker_concurent_5,2026-06-04T22:38:49.422288502
checker_concurent_5,2026-06-04T22:38:49.422373176
checker_concurent_5,2026-06-04T22:38:49.422431686
checker_concurent_5,2026-06-04T22:38:49.422485386
checker_concurent_5,2026-06-04T22:38:49.42257515
checker_concurent_19,2026-06-04T22:38:49.422718443
checker_concurent_19,2026-06-04T22:38:49.422816935
checker_concurent_19,2026-06-04T22:38:49.422866136
checker_concurent_19,2026-06-04T22:38:49.422898723
checker_concurent_19,2026-06-04T22:38:49.422927131
checker_concurent_19,2026-06-04T22:38:49.422958114
checker_concurent_19,2026-06-04T22:38:49.422990791
checker_concurent_19,2026-06-04T22:38:49.423027797
checker_concurent_19,2026-06-04T22:38:49.423061767
checker_concurent_19,2026-06-04T22:38:49.423088121
checker_concurent_19,2026-06-04T22:38:49.423113022
checker_concurent_19,2026-06-04T22:38:49.423139125
checker_concurent_19,2026-06-04T22:38:49.423178446
checker_concurent_19,2026-06-04T22:38:49.423204419
checker_concurent_19,2026-06-04T22:38:49.423236284
checker_concurent_19,2026-06-04T22:38:49.423282509
checker_concurent_19,2026-06-04T22:38:49.423310797
checker_concurent_19,2026-06-04T22:38:49.423339165
checker_concurent_19,2026-06-04T22:38:49.423368004
checker_concurent_19,2026-06-04T22:38:49.423391292
checker_concurent_19,2026-06-04T22:38:49.423417515
checker_concurent_19,2026-06-04T22:38:49.42343947
checker_concurent_19,2026-06-04T22:38:49.423478901
checker_concurent_19,2026-06-04T22:38:49.423502229
checker_concurent_19,2026-06-04T22:38:49.423537952
checker_concurent_18,2026-06-04T22:38:49.423632917
checker_concurent_18,2026-06-04T22:38:49.423716368
checker_concurent_18,2026-06-04T22:38:49.42377622
checker_concurent_18,2026-06-04T22:38:49.423813507
checker_concurent_18,2026-06-04T22:38:49.423848729
checker_concurent_17,2026-06-04T22:38:49.423925516
checker_concurent_17,2026-06-04T22:38:49.424034529
checker_concurent_17,2026-06-04T22:38:49.424124784
checker_concurent_17,2026-06-04T22:38:49.42415686
checker_concurent_17,2026-06-04T22:38:49.424184967
checker_concurent_16,2026-06-04T22:38:49.424255231
checker_concurent_16,2026-06-04T22:38:49.424331217
checker_concurent_16,2026-06-04T22:38:49.424365337
checker_concurent_16,2026-06-04T22:38:49.424392472
checker_concurent_16,2026-06-04T22:38:49.424419247
checker_concurent_16,2026-06-04T22:38:49.424445752
checker_concurent_16,2026-06-04T22:38:49.424469731
checker_concurent_16,2026-06-04T22:38:49.42449372
checker_concurent_16,2026-06-04T22:38:49.424519152
checker_concurent_16,2026-06-04T22:38:49.424544504
checker_concurent_15,2026-06-04T22:38:49.424604437
checker_concurent_14,2026-06-04T22:38:49.424707528
checker_concurent_14,2026-06-04T22:38:49.424757771
checker_concurent_14,2026-06-04T22:38:49.424784505
checker_concurent_14,2026-06-04T22:38:49.424810158
checker_concurent_14,2026-06-04T22:38:49.424834317
checker_concurent_14,2026-06-04T22:38:49.424859429
checker_concurent_14,2026-06-04T22:38:49.424883107
checker_concurent_14,2026-06-04T22:38:49.424906104
checker_concurent_14,2026-06-04T22:38:49.424929462
checker_concurent_14,2026-06-04T22:38:49.424952269
checker_concurent_14,2026-06-04T22:38:49.424973202
checker_concurent_14,2026-06-04T22:38:49.424993724
checker_concurent_14,2026-06-04T22:38:49.425019437
checker_concurent_14,2026-06-04T22:38:49.425041281
checker_concurent_13,2026-06-04T22:38:49.425130083
checker_concurent_12,2026-06-04T22:38:49.42524077
checker_concurent_11,2026-06-04T22:38:49.425373131
checker_concurent_9,2026-06-04T22:38:49.425507787
checker_concurent_9,2026-06-04T22:38:49.425559232
checker_concurent_9,2026-06-04T22:38:49.425586639
checker_concurent_9,2026-06-04T22:38:49.42561174
checker_concurent_9,2026-06-04T22:38:49.425638014
checker_concurent_9,2026-06-04T22:38:49.425662704
checker_concurent_9,2026-06-04T22:38:49.425685752
checker_concurent_10,2026-06-04T22:38:49.42578773
checker_concurent_8,2026-06-04T22:38:49.425933168
checker_concurent_8,2026-06-04T22:38:49.42599718
checker_concurent_8,2026-06-04T22:38:49.426057814
checker_concurent_8,2026-06-04T22:38:49.426094609
checker_concurent_8,2026-06-04T22:38:49.426121685
checker_concurent_8,2026-06-04T22:38:49.426146155
checker_concurent_8,2026-06-04T22:38:49.426169322
checker_concurent_8,2026-06-04T22:38:49.426193181
checker_concurent_8,2026-06-04T22:38:49.426217371
checker_concurent_8,2026-06-04T22:38:49.42624625
checker_concurent_8,2026-06-04T22:38:49.42628537
checker_concurent_8,2026-06-04T22:38:49.426328689
checker_concurent_8,2026-06-04T22:38:49.426368911
checker_concurent_8,2026-06-04T22:38:49.426415026
checker_concurent_8,2026-06-04T22:38:49.42645642
checker_concurent_8,2026-06-04T22:38:49.426545132
checker_concurent_8,2026-06-04T22:38:49.426571586
checker_concurent_8,2026-06-04T22:38:49.426594744
checker_concurent_8,2026-06-04T22:38:49.4266171
checker_concurent_8,2026-06-04T22:38:49.426639044
checker_concurent_8,2026-06-04T22:38:49.426660438
checker_concurent_8,2026-06-04T22:38:49.426682173
checker_concurent_8,2026-06-04T22:38:49.426702695
checker_concurent_8,2026-06-04T22:38:49.426723437
checker_concurent_8,2026-06-04T22:38:49.4267445
checker_concurent_10,2026-06-04T22:38:49.426795335
checker_concurent_10,2026-06-04T22:38:49.426938789
checker_concurent_10,2026-06-04T22:38:49.427000655
checker_concurent_10,2026-06-04T22:38:49.427073575
checker_concurent_10,2026-06-04T22:38:49.427104688
checker_concurent_10,2026-06-04T22:38:49.427122515
checker_concurent_10,2026-06-04T22:38:49.427140652
checker_concurent_10,2026-06-04T22:38:49.427158118
checker_concurent_10,2026-06-04T22:38:49.427176195
checker_concurent_10,2026-06-04T22:38:49.427194292
checker_concurent_10,2026-06-04T22:38:49.427211176
checker_concurent_10,2026-06-04T22:38:49.427229604
checker_concurent_10,2026-06-04T22:38:49.427247701
checker_concurent_10,2026-06-04T22:38:49.427265137
checker_concurent_10,2026-06-04T22:38:49.427289637
checker_concurent_10,2026-06-04T22:38:49.427309788
checker_concurent_10,2026-06-04T22:38:49.427331914
checker_concurent_10,2026-06-04T22:38:49.427356674
checker_concurent_10,2026-06-04T22:38:49.427380824
checker_concurent_10,2026-06-04T22:38:49.427404763
checker_concurent_10,2026-06-04T22:38:49.427434163
checker_concurent_10,2026-06-04T22:38:49.427461259
checker_concurent_10,2026-06-04T22:38:49.427491931
checker_concurent_10,2026-06-04T22:38:49.427516893
checker_concurent_9,2026-06-04T22:38:49.42761826
checker_concurent_9,2026-06-04T22:38:49.427683534
checker_concurent_9,2026-06-04T22:38:49.42774023
checker_concurent_9,2026-06-04T22:38:49.427786014
checker_concurent_9,2026-06-04T22:38:49.427830034
checker_concurent_9,2026-06-04T22:38:49.427875617
checker_concurent_9,2026-06-04T22:38:49.427942925
checker_concurent_9,2026-06-04T22:38:49.428006475
checker_concurent_9,2026-06-04T22:38:49.42819418
checker_concurent_9,2026-06-04T22:38:49.428272049
checker_concurent_9,2026-06-04T22:38:49.428497401
checker_concurent_9,2026-06-04T22:38:49.428592265
checker_concurent_9,2026-06-04T22:38:49.428683873
checker_concurent_9,2026-06-04T22:38:49.428827227
checker_concurent_9,2026-06-04T22:38:49.428909876
checker_concurent_9,2026-06-04T22:38:49.428976543
checker_concurent_9,2026-06-04T22:38:49.429047468
checker_concurent_9,2026-06-04T22:38:49.429157613
checker_concurent_11,2026-06-04T22:38:49.429247167
checker_concurent_11,2026-06-04T22:38:49.429322581
checker_concurent_11,2026-06-04T22:38:49.429358986
checker_concurent_11,2026-06-04T22:38:49.429390981
checker_concurent_11,2026-06-04T22:38:49.429422766
checker_concurent_11,2026-06-04T22:38:49.42945368
checker_concurent_11,2026-06-04T22:38:49.429493802
checker_concurent_11,2026-06-04T22:38:49.429530176
checker_concurent_11,2026-06-04T22:38:49.429557272
checker_concurent_11,2026-06-04T22:38:49.429660083
checker_concurent_11,2026-06-04T22:38:49.429733914
checker_concurent_11,2026-06-04T22:38:49.429797253
checker_concurent_11,2026-06-04T22:38:49.429833848
checker_concurent_11,2026-06-04T22:38:49.429865583
checker_concurent_11,2026-06-04T22:38:49.429914904
checker_concurent_11,2026-06-04T22:38:49.429947451
checker_concurent_11,2026-06-04T22:38:49.429981701
checker_concurent_11,2026-06-04T22:38:49.430067727
checker_concurent_11,2026-06-04T22:38:49.430107118
checker_concurent_11,2026-06-04T22:38:49.430146659
checker_concurent_11,2026-06-04T22:38:49.430177853
checker_concurent_11,2026-06-04T22:38:49.430208285
checker_concurent_11,2026-06-04T22:38:49.430248578
checker_concurent_11,2026-06-04T22:38:49.430277066
checker_concurent_12,2026-06-04T22:38:49.430309453
checker_concurent_12,2026-06-04T22:38:49.430368844
checker_concurent_12,2026-06-04T22:38:49.430393785
checker_concurent_12,2026-06-04T22:38:49.430413646
checker_concurent_12,2026-06-04T22:38:49.430431833
checker_concurent_12,2026-06-04T22:38:49.430448888
checker_concurent_12,2026-06-04T22:38:49.430467547
checker_concurent_12,2026-06-04T22:38:49.430484792
checker_concurent_12,2026-06-04T22:38:49.430502919
checker_concurent_12,2026-06-04T22:38:49.430519393
checker_concurent_12,2026-06-04T22:38:49.430539273
checker_concurent_12,2026-06-04T22:38:49.43055705
checker_concurent_12,2026-06-04T22:38:49.430578895
checker_concurent_12,2026-06-04T22:38:49.430599818
checker_concurent_12,2026-06-04T22:38:49.430618466
checker_concurent_12,2026-06-04T22:38:49.430635921
checker_concurent_12,2026-06-04T22:38:49.430653868
checker_concurent_12,2026-06-04T22:38:49.430671645
checker_concurent_12,2026-06-04T22:38:49.430689411
checker_concurent_12,2026-06-04T22:38:49.430718491
checker_concurent_12,2026-06-04T22:38:49.430739794
checker_concurent_12,2026-06-04T22:38:49.430756809
checker_concurent_12,2026-06-04T22:38:49.430774846
checker_concurent_12,2026-06-04T22:38:49.4307915
checker_concurent_13,2026-06-04T22:38:49.43084985
checker_concurent_13,2026-06-04T22:38:49.430933461
checker_concurent_13,2026-06-04T22:38:49.430980026
checker_concurent_13,2026-06-04T22:38:49.431024748
checker_concurent_13,2026-06-04T22:38:49.431072957
checker_concurent_13,2026-06-04T22:38:49.43110395
checker_concurent_13,2026-06-04T22:38:49.431134914
checker_concurent_13,2026-06-04T22:38:49.431163602
checker_concurent_13,2026-06-04T22:38:49.431194125
checker_concurent_13,2026-06-04T22:38:49.431223295
checker_concurent_13,2026-06-04T22:38:49.431252204
checker_concurent_13,2026-06-04T22:38:49.431280853
checker_concurent_13,2026-06-04T22:38:49.431320815
checker_concurent_13,2026-06-04T22:38:49.431351267
checker_concurent_13,2026-06-04T22:38:49.431380938
checker_concurent_13,2026-06-04T22:38:49.431410158
checker_concurent_13,2026-06-04T22:38:49.431438566
checker_concurent_13,2026-06-04T22:38:49.431468267
checker_concurent_13,2026-06-04T22:38:49.431500232
checker_concurent_13,2026-06-04T22:38:49.431551487
checker_concurent_14,2026-06-04T22:38:49.431624737
checker_concurent_14,2026-06-04T22:38:49.431662725
checker_concurent_14,2026-06-04T22:38:49.431692175
checker_concurent_14,2026-06-04T22:38:49.431710563
checker_concurent_14,2026-06-04T22:38:49.431725153
checker_concurent_14,2026-06-04T22:38:49.43173818
checker_concurent_14,2026-06-04T22:38:49.43175312
checker_concurent_14,2026-06-04T22:38:49.43176773
checker_concurent_14,2026-06-04T22:38:49.431780566
checker_concurent_14,2026-06-04T22:38:49.431794565
checker_concurent_14,2026-06-04T22:38:49.431807131
checker_concurent_15,2026-06-04T22:38:49.43183597
checker_concurent_15,2026-06-04T22:38:49.431873176
checker_concurent_15,2026-06-04T22:38:49.431892075
checker_concurent_15,2026-06-04T22:38:49.431917096
checker_concurent_15,2026-06-04T22:38:49.431934963
checker_concurent_15,2026-06-04T22:38:49.431952148
checker_concurent_15,2026-06-04T22:38:49.431969544
checker_concurent_15,2026-06-04T22:38:49.431988292
checker_concurent_15,2026-06-04T22:38:49.432005637
checker_concurent_15,2026-06-04T22:38:49.432030017
checker_concurent_15,2026-06-04T22:38:49.432048696
checker_concurent_15,2026-06-04T22:38:49.432066502
checker_concurent_15,2026-06-04T22:38:49.432084329
checker_concurent_15,2026-06-04T22:38:49.43210434
checker_concurent_15,2026-06-04T22:38:49.432122326
checker_concurent_15,2026-06-04T22:38:49.432140093
checker_concurent_15,2026-06-04T22:38:49.432157318
checker_concurent_15,2026-06-04T22:38:49.432175315
checker_concurent_15,2026-06-04T22:38:49.432192159
checker_concurent_15,2026-06-04T22:38:49.432210497
checker_concurent_15,2026-06-04T22:38:49.432227662
checker_concurent_16,2026-06-04T22:38:49.432288046
checker_concurent_16,2026-06-04T22:38:49.432310402
checker_concurent_16,2026-06-04T22:38:49.43232926
checker_concurent_16,2026-06-04T22:38:49.432345443
checker_concurent_16,2026-06-04T22:38:49.43236322
checker_concurent_16,2026-06-04T22:38:49.432380966
checker_concurent_16,2026-06-04T22:38:49.432398512
checker_concurent_16,2026-06-04T22:38:49.432422361
checker_concurent_16,2026-06-04T22:38:49.432474949
checker_concurent_16,2026-06-04T22:38:49.432523849
checker_concurent_16,2026-06-04T22:38:49.432625687
checker_concurent_16,2026-06-04T22:38:49.432671171
checker_concurent_16,2026-06-04T22:38:49.432725161
checker_concurent_16,2026-06-04T22:38:49.432756255
checker_concurent_16,2026-06-04T22:38:49.432787559
checker_concurent_17,2026-06-04T22:38:49.432855187
checker_concurent_17,2026-06-04T22:38:49.433083255
checker_concurent_17,2026-06-04T22:38:49.433122966
checker_concurent_17,2026-06-04T22:38:49.433140672
checker_concurent_17,2026-06-04T22:38:49.433156545
checker_concurent_17,2026-06-04T22:38:49.433171155
checker_concurent_17,2026-06-04T22:38:49.433184382
checker_concurent_17,2026-06-04T22:38:49.43319831
checker_concurent_17,2026-06-04T22:38:49.433210746
checker_concurent_17,2026-06-04T22:38:49.433272903
checker_concurent_17,2026-06-04T22:38:49.433289677
checker_concurent_17,2026-06-04T22:38:49.43330576
checker_concurent_17,2026-06-04T22:38:49.433322946
checker_concurent_17,2026-06-04T22:38:49.433346714
checker_concurent_17,2026-06-04T22:38:49.433361244
checker_concurent_17,2026-06-04T22:38:49.433376135
checker_concurent_17,2026-06-04T22:38:49.433394041
checker_concurent_17,2026-06-04T22:38:49.433532705
checker_concurent_17,2026-06-04T22:38:49.433576695
checker_concurent_17,2026-06-04T22:38:49.433613371
checker_concurent_18,2026-06-04T22:38:49.433644264
checker_concurent_18,2026-06-04T22:38:49.433685789
checker_concurent_18,2026-06-04T22:38:49.433715911
checker_concurent_18,2026-06-04T22:38:49.433732745
checker_concurent_18,2026-06-04T22:38:49.433746984
checker_concurent_18,2026-06-04T22:38:49.433760893
checker_concurent_18,2026-06-04T22:38:49.433781475
checker_concurent_18,2026-06-04T22:38:49.433800995
checker_concurent_18,2026-06-04T22:38:49.433834103
checker_concurent_18,2026-06-04T22:38:49.433848101
checker_concurent_18,2026-06-04T22:38:49.433861479
checker_concurent_18,2026-06-04T22:38:49.433878003
checker_concurent_18,2026-06-04T22:38:49.433904597
checker_concurent_18,2026-06-04T22:38:49.433919848
checker_concurent_18,2026-06-04T22:38:49.433933476
checker_concurent_18,2026-06-04T22:38:49.433946353
checker_concurent_18,2026-06-04T22:38:49.433968298
checker_concurent_18,2026-06-04T22:38:49.433981896
checker_concurent_18,2026-06-04T22:38:49.433994842
checker_concurent_18,2026-06-04T22:38:49.43401835
checker_concurent_5,2026-06-04T22:38:49.434057721
checker_concurent_7,2026-06-04T22:38:49.434146894
checker_concurent_7,2026-06-04T22:38:49.434188379
checker_concurent_7,2026-06-04T22:38:49.434210153
checker_concurent_7,2026-06-04T22:38:49.434225064
checker_concurent_7,2026-06-04T22:38:49.434237609
checker_concurent_7,2026-06-04T22:38:49.434253853
checker_concurent_7,2026-06-04T22:38:49.434266248
checker_concurent_7,2026-06-04T22:38:49.434305037
checker_concurent_7,2026-06-04T22:38:49.434319337
checker_concurent_7,2026-06-04T22:38:49.434332033
checker_concurent_7,2026-06-04T22:38:49.434348236
checker_concurent_7,2026-06-04T22:38:49.434378398
checker_concurent_7,2026-06-04T22:38:49.434392918
checker_concurent_7,2026-06-04T22:38:49.434405774
checker_concurent_7,2026-06-04T22:38:49.43441838
checker_concurent_7,2026-06-04T22:38:49.434445716
checker_concurent_7,2026-06-04T22:38:49.434465015
checker_concurent_2,2026-06-04T22:38:49.434508304
checker_concurent_2,2026-06-04T22:38:49.434597697
checker_concurent_2,2026-06-04T22:38:49.434641587
checker_concurent_2,2026-06-04T22:38:49.434661117
checker_concurent_2,2026-06-04T22:38:49.434681399
checker_concurent_2,2026-06-04T22:38:49.434697972
checker_concurent_2,2026-06-04T22:38:49.434717242
checker_concurent_2,2026-06-04T22:38:49.434754238
checker_concurent_2,2026-06-04T22:38:49.434772014
checker_concurent_2,2026-06-04T22:38:49.434794029
checker_concurent_2,2026-06-04T22:38:49.434832408
checker_concurent_15,2026-06-04T22:38:49.43485768
checker_concurent_15,2026-06-04T22:38:49.43488703
checker_concurent_15,2026-06-04T22:38:49.434905117
checker_concurent_13,2026-06-04T22:38:49.434929056
checker_concurent_13,2026-06-04T22:38:49.434964659
checker_concurent_13,2026-06-04T22:38:49.434979449
checker_concurent_13,2026-06-04T22:38:49.434990983
addMedic,2026-06-04T22:40:45.719683723
addMedic,2026-06-04T22:40:45.722492196
findMedicById,2026-06-04T22:40:45.722681014
findMediciByDepartament,2026-06-04T22:40:45.722787677
getSortedMedici,2026-06-04T22:40:45.722871635
deleteMedic,2026-06-04T22:40:45.723169259
findMedicById,2026-06-04T22:40:45.723246266
findMediciByDepartament,2026-06-04T22:40:45.72332094
deleteMedic,2026-06-04T22:40:45.723387982
findMedicById,2026-06-04T22:40:45.72345208
addPacient,2026-06-04T22:40:45.724666783
addPacient,2026-06-04T22:40:45.724928161
findPacientByName,2026-06-04T22:40:45.725030487
findPacientiByDiagnostic,2026-06-04T22:40:45.725125793
getUrgentPacienti,2026-06-04T22:40:45.725223582
getUrgentPacienti,2026-06-04T22:40:45.725303283
deletePacient,2026-06-04T22:40:45.725375644
findPacientByName,2026-06-04T22:40:45.725435625
deletePacient,2026-06-04T22:40:45.725508967
findPacientByName,2026-06-04T22:40:45.725592174
findPacientiByDiagnostic,2026-06-04T22:40:45.725683383
addSala,2026-06-04T22:40:45.726499377
addSala,2026-06-04T22:40:45.72659298
findSala,2026-06-04T22:40:45.72667162
getAllSali,2026-06-04T22:40:45.726751331
findSala,2026-06-04T22:40:45.726824964
findSala,2026-06-04T22:40:45.726893088
deleteSala,2026-06-04T22:40:45.726977106
findSala,2026-06-04T22:40:45.727043317
deleteSala,2026-06-04T22:40:45.727136038
findSala,2026-06-04T22:40:45.72719643
findSala,2026-06-04T22:40:45.727771337
addMedicament,2026-06-04T22:40:45.733554487
findMedicamentByName,2026-06-04T22:40:45.733726859
deleteMedicament,2026-06-04T22:40:45.73400907
findMedicamentByName,2026-06-04T22:40:45.7341009
findMedicamentByName,2026-06-04T22:40:45.734352944
addMedic,2026-06-04T22:40:45.734804433
addMedic,2026-06-04T22:40:45.735049607
findMedicById,2026-06-04T22:40:45.735238525
salveaza_medic_db,2026-06-04T22:40:45.875186691
cauta_medic_db,2026-06-04T22:40:45.875982605
actualizeaza_medic_db,2026-06-04T22:40:45.876714511
cauta_medic_db,2026-06-04T22:40:45.877092137
listeaza_medici_db,2026-06-04T22:40:45.878787823
sterge_medic_db,2026-06-04T22:40:45.88051691
cauta_medic_db,2026-06-04T22:40:45.88084504
listeaza_medici_db,2026-06-04T22:40:45.881400888
salveaza_medic_db,2026-06-04T22:40:45.883885347
cauta_medic_db,2026-06-04T22:40:45.884298827
sterge_medic_db,2026-06-04T22:40:45.884994148
salveaza_sala_db,2026-06-04T22:40:45.886389846
actualizeaza_sala_db,2026-06-04T22:40:45.886948568
cauta_sala_db,2026-06-04T22:40:45.887346425
sterge_sala_db,2026-06-04T22:40:45.887863744
cauta_sala_db,2026-06-04T22:40:45.888152674
salveaza_medicament_db,2026-06-04T22:40:45.889191859
cauta_medicament_db,2026-06-04T22:40:45.889745493
actualizeaza_medicament_db,2026-06-04T22:40:45.890331407
cauta_medicament_db,2026-06-04T22:40:45.89058887
sterge_medicament_db,2026-06-04T22:40:45.891124377
cauta_medicament_db,2026-06-04T22:40:45.891395019
salveaza_medic_db,2026-06-04T22:40:45.892743476
interneaza_pacient_db,2026-06-04T22:40:45.896664485
cauta_pacient_db,2026-06-04T22:40:45.898503119
salveaza_medicament_db,2026-06-04T22:40:45.899868482
listeaza_pacienti_db,2026-06-04T22:40:45.900858201
prescrie_medicament_db,2026-06-04T22:40:45.9028052
cauta_medicament_db,2026-06-04T22:40:45.90306763
listeaza_pacienti_db,2026-06-04T22:40:45.904074065
prescrie_medicament_rollback,2026-06-04T22:40:45.905184188
cauta_medicament_db,2026-06-04T22:40:45.907186421
raport_pacienti_urgenti,2026-06-04T22:40:45.9114084
raport_pacienti_per_medic,2026-06-04T22:40:45.916334112
raport_top_medicamente,2026-06-04T22:40:45.920055798
listeaza_pacienti_db,2026-06-04T22:40:45.920993097
raport_prescriptii_pacient,2026-06-04T22:40:45.92380129
checker_actiune_1,2026-06-04T22:40:45.924344228
checker_actiune_2,2026-06-04T22:40:45.927257651
checker_concurent_0,2026-06-04T22:40:45.933115414
checker_concurent_0,2026-06-04T22:40:45.933694317
checker_concurent_0,2026-06-04T22:40:45.933916306
checker_concurent_0,2026-06-04T22:40:45.933971189
checker_concurent_3,2026-06-04T22:40:45.934128349
checker_concurent_3,2026-06-04T22:40:45.934408416
checker_concurent_3,2026-06-04T22:40:45.934509981
checker_concurent_3,2026-06-04T22:40:45.934595612
checker_concurent_3,2026-06-04T22:40:45.934660961
checker_concurent_3,2026-06-04T22:40:45.934732961
checker_concurent_3,2026-06-04T22:40:45.934799062
checker_concurent_3,2026-06-04T22:40:45.934861737
checker_concurent_3,2026-06-04T22:40:45.934920167
checker_concurent_3,2026-06-04T22:40:45.93497457
checker_concurent_3,2026-06-04T22:40:45.935077466
checker_concurent_3,2026-06-04T22:40:45.935150067
checker_concurent_3,2026-06-04T22:40:45.935219794
checker_concurent_3,2026-06-04T22:40:45.935341469
checker_concurent_3,2026-06-04T22:40:45.935443735
checker_concurent_3,2026-06-04T22:40:45.935573823
checker_concurent_3,2026-06-04T22:40:45.935666385
checker_concurent_3,2026-06-04T22:40:45.935803083
checker_concurent_3,2026-06-04T22:40:45.935867682
checker_concurent_3,2026-06-04T22:40:45.935927142
checker_concurent_3,2026-06-04T22:40:45.935986563
checker_concurent_3,2026-06-04T22:40:45.936375185
checker_concurent_3,2026-06-04T22:40:45.936728965
checker_concurent_3,2026-06-04T22:40:45.936868728
checker_concurent_3,2026-06-04T22:40:45.937490366
checker_concurent_1,2026-06-04T22:40:45.937806638
checker_concurent_1,2026-06-04T22:40:45.938035217
checker_concurent_1,2026-06-04T22:40:45.938121459
checker_concurent_1,2026-06-04T22:40:45.944299741
checker_concurent_1,2026-06-04T22:40:45.944420565
checker_concurent_1,2026-06-04T22:40:45.944482139
checker_concurent_1,2026-06-04T22:40:45.944536281
checker_concurent_1,2026-06-04T22:40:45.944587169
checker_concurent_1,2026-06-04T22:40:45.944711989
checker_concurent_1,2026-06-04T22:40:45.944798611
checker_concurent_1,2026-06-04T22:40:45.944853165
checker_concurent_1,2026-06-04T22:40:45.944929341
checker_concurent_2,2026-06-04T22:40:45.945333137
checker_concurent_2,2026-06-04T22:40:45.945700196
checker_concurent_2,2026-06-04T22:40:45.945885629
checker_concurent_2,2026-06-04T22:40:45.946006894
checker_concurent_2,2026-06-04T22:40:45.946197204
checker_concurent_2,2026-06-04T22:40:45.946324559
checker_concurent_2,2026-06-04T22:40:45.946401937
checker_concurent_2,2026-06-04T22:40:45.946656314
checker_concurent_2,2026-06-04T22:40:45.94686974
checker_concurent_2,2026-06-04T22:40:45.94697487
checker_concurent_2,2026-06-04T22:40:45.947035242
checker_concurent_2,2026-06-04T22:40:45.947078008
checker_concurent_2,2026-06-04T22:40:45.947114032
checker_concurent_2,2026-06-04T22:40:45.947165621
checker_concurent_2,2026-06-04T22:40:45.947200765
checker_concurent_2,2026-06-04T22:40:45.947240545
checker_concurent_2,2026-06-04T22:40:45.947274878
checker_concurent_2,2026-06-04T22:40:45.947318845
checker_concurent_2,2026-06-04T22:40:45.947371776
checker_concurent_2,2026-06-04T22:40:45.947769392
checker_concurent_2,2026-06-04T22:40:45.947811446
checker_concurent_2,2026-06-04T22:40:45.947847882
checker_concurent_2,2026-06-04T22:40:45.947881593
checker_concurent_2,2026-06-04T22:40:45.947915595
checker_concurent_2,2026-06-04T22:40:45.94795186
checker_concurent_1,2026-06-04T22:40:45.948026985
checker_concurent_19,2026-06-04T22:40:45.948274692
checker_concurent_19,2026-06-04T22:40:45.948380354
checker_concurent_19,2026-06-04T22:40:45.948454827
checker_concurent_19,2026-06-04T22:40:45.94852209
checker_concurent_19,2026-06-04T22:40:45.948576052
checker_concurent_19,2026-06-04T22:40:45.948628051
checker_concurent_19,2026-06-04T22:40:45.948677527
checker_concurent_19,2026-06-04T22:40:45.948737328
checker_concurent_19,2026-06-04T22:40:45.948787254
checker_concurent_19,2026-06-04T22:40:45.948837781
checker_concurent_19,2026-06-04T22:40:45.948887317
checker_concurent_19,2026-06-04T22:40:45.948936341
checker_concurent_19,2026-06-04T22:40:45.948985306
checker_concurent_19,2026-06-04T22:40:45.949048763
checker_concurent_19,2026-06-04T22:40:45.949104318
checker_concurent_19,2026-06-04T22:40:45.949156687
checker_concurent_19,2026-06-04T22:40:45.94921718
checker_concurent_18,2026-06-04T22:40:45.949327728
checker_concurent_18,2026-06-04T22:40:45.949411176
checker_concurent_18,2026-06-04T22:40:45.949455333
checker_concurent_18,2026-06-04T22:40:45.949492409
checker_concurent_18,2026-06-04T22:40:45.949534103
checker_concurent_18,2026-06-04T22:40:45.949569537
checker_concurent_18,2026-06-04T22:40:45.949603359
checker_concurent_18,2026-06-04T22:40:45.949648678
checker_concurent_18,2026-06-04T22:40:45.949705024
checker_concurent_18,2026-06-04T22:40:45.949744624
checker_concurent_18,2026-06-04T22:40:45.949788922
checker_concurent_18,2026-06-04T22:40:45.949822443
checker_concurent_18,2026-06-04T22:40:45.949856545
checker_concurent_18,2026-06-04T22:40:45.949892139
checker_concurent_18,2026-06-04T22:40:45.949923867
checker_concurent_18,2026-06-04T22:40:45.949956748
checker_concurent_18,2026-06-04T22:40:45.949989437
checker_concurent_18,2026-06-04T22:40:45.950029018
checker_concurent_18,2026-06-04T22:40:45.950067617
checker_concurent_18,2026-06-04T22:40:45.950099025
checker_concurent_18,2026-06-04T22:40:45.950130683
checker_concurent_18,2026-06-04T22:40:45.950169412
checker_concurent_18,2026-06-04T22:40:45.950219088
checker_concurent_18,2026-06-04T22:40:45.950252168
checker_concurent_18,2026-06-04T22:40:45.950284447
checker_concurent_15,2026-06-04T22:40:45.950396018
checker_concurent_15,2026-06-04T22:40:45.950484342
checker_concurent_15,2026-06-04T22:40:45.950559487
checker_concurent_15,2026-06-04T22:40:45.950750879
checker_concurent_15,2026-06-04T22:40:45.950864042
checker_concurent_15,2026-06-04T22:40:45.950925475
checker_concurent_15,2026-06-04T22:40:45.951036154
checker_concurent_15,2026-06-04T22:40:45.951140503
checker_concurent_16,2026-06-04T22:40:45.951249529
checker_concurent_16,2026-06-04T22:40:45.951324404
checker_concurent_16,2026-06-04T22:40:45.951386308
checker_concurent_16,2026-06-04T22:40:45.951434421
checker_concurent_16,2026-06-04T22:40:45.951469986
checker_concurent_16,2026-06-04T22:40:45.951505991
checker_concurent_16,2026-06-04T22:40:45.951541044
checker_concurent_16,2026-06-04T22:40:45.951586624
checker_concurent_16,2026-06-04T22:40:45.951627296
checker_concurent_16,2026-06-04T22:40:45.95166935
checker_concurent_16,2026-06-04T22:40:45.951717102
checker_concurent_16,2026-06-04T22:40:45.951752747
checker_concurent_16,2026-06-04T22:40:45.951782372
checker_concurent_16,2026-06-04T22:40:45.951810705
checker_concurent_16,2026-06-04T22:40:45.951849454
checker_concurent_16,2026-06-04T22:40:45.951877948
checker_concurent_16,2026-06-04T22:40:45.951906521
checker_concurent_16,2026-06-04T22:40:45.951937118
checker_concurent_16,2026-06-04T22:40:45.952058723
checker_concurent_16,2026-06-04T22:40:45.952104133
checker_concurent_16,2026-06-04T22:40:45.952140078
checker_concurent_16,2026-06-04T22:40:45.952168901
checker_concurent_16,2026-06-04T22:40:45.952196974
checker_concurent_16,2026-06-04T22:40:45.952229083
checker_concurent_16,2026-06-04T22:40:45.952268113
checker_concurent_17,2026-06-04T22:40:45.95236495
checker_concurent_17,2026-06-04T22:40:45.952451673
checker_concurent_17,2026-06-04T22:40:45.952532806
checker_concurent_17,2026-06-04T22:40:45.952570163
checker_concurent_17,2026-06-04T22:40:45.952602663
checker_concurent_17,2026-06-04T22:40:45.952640701
checker_concurent_17,2026-06-04T22:40:45.952697588
checker_concurent_17,2026-06-04T22:40:45.952760894
checker_concurent_17,2026-06-04T22:40:45.952861408
checker_concurent_17,2026-06-04T22:40:45.952962111
checker_concurent_17,2026-06-04T22:40:45.952998977
checker_concurent_17,2026-06-04T22:40:45.95307314
checker_concurent_17,2026-06-04T22:40:45.953128034
checker_concurent_17,2026-06-04T22:40:45.953187585
checker_concurent_17,2026-06-04T22:40:45.953249399
checker_concurent_17,2026-06-04T22:40:45.953293256
checker_concurent_17,2026-06-04T22:40:45.95334848
checker_concurent_17,2026-06-04T22:40:45.953399859
checker_concurent_17,2026-06-04T22:40:45.953441702
checker_concurent_17,2026-06-04T22:40:45.953550609
checker_concurent_17,2026-06-04T22:40:45.953599864
checker_concurent_17,2026-06-04T22:40:45.953675128
checker_concurent_17,2026-06-04T22:40:45.953721349
checker_concurent_17,2026-06-04T22:40:45.953817255
checker_concurent_17,2026-06-04T22:40:45.953875344
checker_concurent_13,2026-06-04T22:40:45.95402337
checker_concurent_13,2026-06-04T22:40:45.954150523
checker_concurent_13,2026-06-04T22:40:45.954201211
checker_concurent_13,2026-06-04T22:40:45.954258067
checker_concurent_13,2026-06-04T22:40:45.954301554
checker_concurent_13,2026-06-04T22:40:45.954333452
checker_concurent_13,2026-06-04T22:40:45.954365101
checker_concurent_13,2026-06-04T22:40:45.954425473
checker_concurent_13,2026-06-04T22:40:45.954458082
checker_concurent_13,2026-06-04T22:40:45.954488519
checker_concurent_13,2026-06-04T22:40:45.954523602
checker_concurent_13,2026-06-04T22:40:45.954565707
checker_concurent_13,2026-06-04T22:40:45.954594
checker_concurent_13,2026-06-04T22:40:45.95462666
checker_concurent_13,2026-06-04T22:40:45.954653541
checker_concurent_13,2026-06-04T22:40:45.954688624
checker_concurent_13,2026-06-04T22:40:45.954716316
checker_concurent_13,2026-06-04T22:40:45.954743107
checker_concurent_13,2026-06-04T22:40:45.954769517
checker_concurent_13,2026-06-04T22:40:45.954795347
checker_concurent_13,2026-06-04T22:40:45.954821376
checker_concurent_13,2026-06-04T22:40:45.954845954
checker_concurent_13,2026-06-04T22:40:45.954871172
checker_concurent_13,2026-06-04T22:40:45.954895389
checker_concurent_13,2026-06-04T22:40:45.95492186
checker_concurent_14,2026-06-04T22:40:45.954999508
checker_concurent_14,2026-06-04T22:40:45.955125981
checker_concurent_14,2026-06-04T22:40:45.955186453
checker_concurent_14,2026-06-04T22:40:45.955229909
checker_concurent_14,2026-06-04T22:40:45.955265554
checker_concurent_14,2026-06-04T22:40:45.955292345
checker_concurent_14,2026-06-04T22:40:45.955317533
checker_concurent_14,2026-06-04T22:40:45.955340949
checker_concurent_14,2026-06-04T22:40:45.955363964
checker_concurent_14,2026-06-04T22:40:45.955386829
checker_concurent_14,2026-06-04T22:40:45.955407851
checker_concurent_14,2026-06-04T22:40:45.955428823
checker_concurent_14,2026-06-04T22:40:45.955449464
checker_concurent_14,2026-06-04T22:40:45.95548582
checker_concurent_14,2026-06-04T22:40:45.955510497
checker_concurent_14,2026-06-04T22:40:45.955532291
checker_concurent_14,2026-06-04T22:40:45.955568816
checker_concurent_14,2026-06-04T22:40:45.955590429
checker_concurent_14,2026-06-04T22:40:45.955611612
checker_concurent_14,2026-06-04T22:40:45.955640966
checker_concurent_14,2026-06-04T22:40:45.955660466
checker_concurent_14,2026-06-04T22:40:45.955679285
checker_concurent_14,2026-06-04T22:40:45.955700117
checker_concurent_14,2026-06-04T22:40:45.955719196
checker_concurent_11,2026-06-04T22:40:45.95584687
checker_concurent_12,2026-06-04T22:40:45.956009498
checker_concurent_12,2026-06-04T22:40:45.956125265
checker_concurent_12,2026-06-04T22:40:45.956221041
checker_concurent_12,2026-06-04T22:40:45.956254151
checker_concurent_12,2026-06-04T22:40:45.956277187
checker_concurent_12,2026-06-04T22:40:45.956300162
checker_concurent_12,2026-06-04T22:40:45.956320863
checker_concurent_12,2026-06-04T22:40:45.956341775
checker_concurent_12,2026-06-04T22:40:45.956366272
checker_concurent_12,2026-06-04T22:40:45.956389698
checker_concurent_12,2026-06-04T22:40:45.956411982
checker_concurent_12,2026-06-04T22:40:45.956435097
checker_concurent_12,2026-06-04T22:40:45.956457652
checker_concurent_12,2026-06-04T22:40:45.956480807
checker_concurent_10,2026-06-04T22:40:45.956563693
checker_concurent_9,2026-06-04T22:40:45.956736938
checker_concurent_8,2026-06-04T22:40:45.956843009
checker_concurent_8,2026-06-04T22:40:45.95692859
checker_concurent_8,2026-06-04T22:40:45.956965046
checker_concurent_8,2026-06-04T22:40:45.956987179
checker_concurent_8,2026-06-04T22:40:45.957023885
checker_concurent_8,2026-06-04T22:40:45.957057096
checker_concurent_8,2026-06-04T22:40:45.95707946
checker_concurent_8,2026-06-04T22:40:45.957097618
checker_concurent_0,2026-06-04T22:40:45.957151099
checker_concurent_0,2026-06-04T22:40:45.957228587
checker_concurent_5,2026-06-04T22:40:45.957328129
checker_concurent_5,2026-06-04T22:40:45.957429854
checker_concurent_5,2026-06-04T22:40:45.95745987
checker_concurent_5,2026-06-04T22:40:45.957481092
checker_concurent_5,2026-06-04T22:40:45.957499921
checker_concurent_5,2026-06-04T22:40:45.957517408
checker_concurent_5,2026-06-04T22:40:45.957541074
checker_concurent_5,2026-06-04T22:40:45.95755828
checker_concurent_5,2026-06-04T22:40:45.957575346
checker_concurent_5,2026-06-04T22:40:45.957596989
checker_concurent_5,2026-06-04T22:40:45.957612853
checker_concurent_5,2026-06-04T22:40:45.957629609
checker_concurent_5,2026-06-04T22:40:45.957646054
checker_concurent_5,2026-06-04T22:40:45.957663501
checker_concurent_5,2026-06-04T22:40:45.957687667
checker_concurent_5,2026-06-04T22:40:45.957703922
checker_concurent_5,2026-06-04T22:40:45.957723913
checker_concurent_5,2026-06-04T22:40:45.957740288
checker_concurent_5,2026-06-04T22:40:45.957756212
checker_concurent_5,2026-06-04T22:40:45.957771706
checker_concurent_5,2026-06-04T22:40:45.95778737
checker_concurent_5,2026-06-04T22:40:45.957803424
checker_concurent_5,2026-06-04T22:40:45.957819569
checker_concurent_5,2026-06-04T22:40:45.957836314
checker_concurent_5,2026-06-04T22:40:45.957852399
checker_concurent_7,2026-06-04T22:40:45.957908705
checker_concurent_7,2026-06-04T22:40:45.957974715
checker_concurent_7,2026-06-04T22:40:45.958002668
checker_concurent_7,2026-06-04T22:40:45.958034707
checker_concurent_7,2026-06-04T22:40:45.958066485
checker_concurent_7,2026-06-04T22:40:45.958089921
checker_concurent_7,2026-06-04T22:40:45.958112535
checker_concurent_7,2026-06-04T22:40:45.958134329
checker_concurent_7,2026-06-04T22:40:45.958156112
checker_concurent_7,2026-06-04T22:40:45.958177434
checker_concurent_7,2026-06-04T22:40:45.958198106
checker_concurent_7,2026-06-04T22:40:45.958219368
checker_concurent_7,2026-06-04T22:40:45.9582401
checker_concurent_7,2026-06-04T22:40:45.958267932
checker_concurent_7,2026-06-04T22:40:45.958289435
checker_concurent_7,2026-06-04T22:40:45.958310337
checker_concurent_7,2026-06-04T22:40:45.958335195
checker_concurent_7,2026-06-04T22:40:45.95835788
checker_concurent_7,2026-06-04T22:40:45.958386533
checker_concurent_7,2026-06-04T22:40:45.958408096
checker_concurent_7,2026-06-04T22:40:45.9584299
checker_concurent_7,2026-06-04T22:40:45.958451913
checker_concurent_7,2026-06-04T22:40:45.958472525
checker_concurent_7,2026-06-04T22:40:45.958501479
checker_concurent_7,2026-06-04T22:40:45.958524814
checker_concurent_4,2026-06-04T22:40:45.958641623
checker_concurent_4,2026-06-04T22:40:45.95871199
checker_concurent_4,2026-06-04T22:40:45.958737419
checker_concurent_4,2026-06-04T22:40:45.958789428
checker_concurent_4,2026-06-04T22:40:45.958817992
checker_concurent_4,2026-06-04T22:40:45.958835969
checker_concurent_4,2026-06-04T22:40:45.958860126
checker_concurent_4,2026-06-04T22:40:45.958889891
checker_concurent_4,2026-06-04T22:40:45.958914479
checker_concurent_4,2026-06-04T22:40:45.958935701
checker_concurent_4,2026-06-04T22:40:45.95895447
checker_concurent_4,2026-06-04T22:40:45.958973218
checker_concurent_4,2026-06-04T22:40:45.958997535
checker_concurent_4,2026-06-04T22:40:45.95902015
checker_concurent_4,2026-06-04T22:40:45.959046811
checker_concurent_4,2026-06-04T22:40:45.959063927
checker_concurent_4,2026-06-04T22:40:45.959080402
checker_concurent_4,2026-06-04T22:40:45.959096907
checker_concurent_4,2026-06-04T22:40:45.959113042
checker_concurent_4,2026-06-04T22:40:45.959129997
checker_concurent_4,2026-06-04T22:40:45.959148826
checker_concurent_4,2026-06-04T22:40:45.959166673
checker_concurent_4,2026-06-04T22:40:45.959183149
checker_concurent_4,2026-06-04T22:40:45.959199343
checker_concurent_4,2026-06-04T22:40:45.95921701
checker_concurent_6,2026-06-04T22:40:45.959302641
checker_concurent_6,2026-06-04T22:40:45.959372237
checker_concurent_6,2026-06-04T22:40:45.959404266
checker_concurent_6,2026-06-04T22:40:45.959429765
checker_concurent_6,2026-06-04T22:40:45.95945314
checker_concurent_6,2026-06-04T22:40:45.959475354
checker_concurent_6,2026-06-04T22:40:45.95952542
checker_concurent_6,2026-06-04T22:40:45.959561235
checker_concurent_6,2026-06-04T22:40:45.959584521
checker_concurent_6,2026-06-04T22:40:45.959605753
checker_concurent_6,2026-06-04T22:40:45.959627907
checker_concurent_6,2026-06-04T22:40:45.959652775
checker_concurent_6,2026-06-04T22:40:45.95972169
checker_concurent_6,2026-06-04T22:40:45.959743423
checker_concurent_6,2026-06-04T22:40:45.959765196
checker_concurent_6,2026-06-04T22:40:45.959791206
checker_concurent_6,2026-06-04T22:40:45.959818017
checker_concurent_6,2026-06-04T22:40:45.95983969
checker_concurent_6,2026-06-04T22:40:45.959861162
checker_concurent_6,2026-06-04T22:40:45.959881213
checker_concurent_6,2026-06-04T22:40:45.959901073
checker_concurent_6,2026-06-04T22:40:45.959920323
checker_concurent_6,2026-06-04T22:40:45.959942356
checker_concurent_6,2026-06-04T22:40:45.959961576
checker_concurent_6,2026-06-04T22:40:45.959980925
checker_concurent_0,2026-06-04T22:40:45.9600105
checker_concurent_0,2026-06-04T22:40:45.960052534
checker_concurent_0,2026-06-04T22:40:45.960074458
checker_concurent_0,2026-06-04T22:40:45.960091884
checker_concurent_0,2026-06-04T22:40:45.960108219
checker_concurent_0,2026-06-04T22:40:45.960138956
checker_concurent_0,2026-06-04T22:40:45.960156353
checker_concurent_0,2026-06-04T22:40:45.960173098
checker_concurent_0,2026-06-04T22:40:45.960189984
checker_concurent_0,2026-06-04T22:40:45.960204797
checker_concurent_0,2026-06-04T22:40:45.960219479
checker_concurent_0,2026-06-04T22:40:45.96023983
checker_concurent_0,2026-06-04T22:40:45.960261633
checker_concurent_0,2026-06-04T22:40:45.960281714
checker_concurent_0,2026-06-04T22:40:45.960296837
checker_concurent_0,2026-06-04T22:40:45.960313262
checker_concurent_0,2026-06-04T22:40:45.960334054
checker_concurent_0,2026-06-04T22:40:45.960349377
checker_concurent_0,2026-06-04T22:40:45.96036438
checker_concurent_8,2026-06-04T22:40:45.960425683
checker_concurent_8,2026-06-04T22:40:45.960520778
checker_concurent_8,2026-06-04T22:40:45.96057452
checker_concurent_8,2026-06-04T22:40:45.960621252
checker_concurent_8,2026-06-04T22:40:45.96065972
checker_concurent_8,2026-06-04T22:40:45.960687883
checker_concurent_8,2026-06-04T22:40:45.960716587
checker_concurent_8,2026-06-04T22:40:45.960767675
checker_concurent_8,2026-06-04T22:40:45.960808898
checker_concurent_8,2026-06-04T22:40:45.960835228
checker_concurent_8,2026-06-04T22:40:45.960861408
checker_concurent_8,2026-06-04T22:40:45.960887217
checker_concurent_8,2026-06-04T22:40:45.960913297
checker_concurent_8,2026-06-04T22:40:45.960951415
checker_concurent_8,2026-06-04T22:40:45.960979238
checker_concurent_8,2026-06-04T22:40:45.961005317
checker_concurent_8,2026-06-04T22:40:45.961049635
checker_concurent_9,2026-06-04T22:40:45.961083747
checker_concurent_9,2026-06-04T22:40:45.961110077
checker_concurent_9,2026-06-04T22:40:45.961126252
checker_concurent_9,2026-06-04T22:40:45.961143939
checker_concurent_9,2026-06-04T22:40:45.961167424
checker_concurent_9,2026-06-04T22:40:45.961183158
checker_concurent_9,2026-06-04T22:40:45.96119708
checker_concurent_9,2026-06-04T22:40:45.961210831
checker_concurent_9,2026-06-04T22:40:45.961224902
checker_concurent_9,2026-06-04T22:40:45.961245494
checker_concurent_9,2026-06-04T22:40:45.961259495
checker_concurent_9,2026-06-04T22:40:45.96127575
checker_concurent_9,2026-06-04T22:40:45.961291133
checker_concurent_9,2026-06-04T22:40:45.961304784
checker_concurent_9,2026-06-04T22:40:45.961318315
checker_concurent_9,2026-06-04T22:40:45.961332026
checker_concurent_9,2026-06-04T22:40:45.961345526
checker_concurent_9,2026-06-04T22:40:45.961359287
checker_concurent_9,2026-06-04T22:40:45.961373609
checker_concurent_9,2026-06-04T22:40:45.96138747
checker_concurent_9,2026-06-04T22:40:45.961401081
checker_concurent_9,2026-06-04T22:40:45.961414752
checker_concurent_9,2026-06-04T22:40:45.961429524
checker_concurent_9,2026-06-04T22:40:45.961443155
checker_concurent_10,2026-06-04T22:40:45.961473101
checker_concurent_10,2026-06-04T22:40:45.961514133
checker_concurent_10,2026-06-04T22:40:45.961558581
checker_concurent_10,2026-06-04T22:40:45.961587956
checker_concurent_10,2026-06-04T22:40:45.961611231
checker_concurent_10,2026-06-04T22:40:45.96163016
checker_concurent_10,2026-06-04T22:40:45.961648989
checker_concurent_10,2026-06-04T22:40:45.961667587
checker_concurent_10,2026-06-04T22:40:45.961687458
checker_concurent_10,2026-06-04T22:40:45.961705976
checker_concurent_10,2026-06-04T22:40:45.961724474
checker_concurent_10,2026-06-04T22:40:45.961742692
checker_concurent_10,2026-06-04T22:40:45.96176772
checker_concurent_10,2026-06-04T22:40:45.961786308
checker_concurent_10,2026-06-04T22:40:45.961805457
checker_concurent_10,2026-06-04T22:40:45.961825208
checker_concurent_10,2026-06-04T22:40:45.961845458
checker_concurent_10,2026-06-04T22:40:45.961875655
checker_concurent_10,2026-06-04T22:40:45.961908845
checker_concurent_10,2026-06-04T22:40:45.961928615
checker_concurent_10,2026-06-04T22:40:45.961949868
checker_concurent_10,2026-06-04T22:40:45.961968316
checker_concurent_10,2026-06-04T22:40:45.962032063
checker_concurent_10,2026-06-04T22:40:45.962057392
checker_concurent_12,2026-06-04T22:40:45.962109151
checker_concurent_12,2026-06-04T22:40:45.962156603
checker_concurent_12,2026-06-04T22:40:45.962202263
checker_concurent_12,2026-06-04T22:40:45.962220711
checker_concurent_12,2026-06-04T22:40:45.962256656
checker_concurent_12,2026-06-04T22:40:45.962275114
checker_concurent_12,2026-06-04T22:40:45.962437461
checker_concurent_12,2026-06-04T22:40:45.962477552
checker_concurent_12,2026-06-04T22:40:45.962494008
checker_concurent_12,2026-06-04T22:40:45.962510583
checker_concurent_12,2026-06-04T22:40:45.962525986
checker_concurent_11,2026-06-04T22:40:45.962560489
checker_concurent_11,2026-06-04T22:40:45.96265295
checker_concurent_11,2026-06-04T22:40:45.962695345
checker_concurent_11,2026-06-04T22:40:45.962717739
checker_concurent_11,2026-06-04T22:40:45.962739151
checker_concurent_11,2026-06-04T22:40:45.962755246
checker_concurent_11,2026-06-04T22:40:45.96277127
checker_concurent_11,2026-06-04T22:40:45.962784981
checker_concurent_11,2026-06-04T22:40:45.962800054
checker_concurent_11,2026-06-04T22:40:45.962814156
checker_concurent_11,2026-06-04T22:40:45.962827566
checker_concurent_11,2026-06-04T22:40:45.962839975
checker_concurent_11,2026-06-04T22:40:45.962852865
checker_concurent_11,2026-06-04T22:40:45.962870852
checker_concurent_11,2026-06-04T22:40:45.962884553
checker_concurent_11,2026-06-04T22:40:45.962897994
checker_concurent_11,2026-06-04T22:40:45.962910853
checker_concurent_11,2026-06-04T22:40:45.962925075
checker_concurent_11,2026-06-04T22:40:45.962946708
checker_concurent_11,2026-06-04T22:40:45.96296107
checker_concurent_11,2026-06-04T22:40:45.962976363
checker_concurent_11,2026-06-04T22:40:45.962997175
checker_concurent_11,2026-06-04T22:40:45.963010836
checker_concurent_11,2026-06-04T22:40:45.963058488
checker_concurent_14,2026-06-04T22:40:45.963105991
checker_concurent_15,2026-06-04T22:40:45.963193254
checker_concurent_15,2026-06-04T22:40:45.96324966
checker_concurent_15,2026-06-04T22:40:45.963272965
checker_concurent_15,2026-06-04T22:40:45.963299286
checker_concurent_15,2026-06-04T22:40:45.963321499
checker_concurent_15,2026-06-04T22:40:45.963338636
checker_concurent_15,2026-06-04T22:40:45.963355982
checker_concurent_15,2026-06-04T22:40:45.963375712
checker_concurent_15,2026-06-04T22:40:45.96339392
checker_concurent_15,2026-06-04T22:40:45.963412989
checker_concurent_15,2026-06-04T22:40:45.963448223
checker_concurent_15,2026-06-04T22:40:45.963468784
checker_concurent_15,2026-06-04T22:40:45.963488554
checker_concurent_15,2026-06-04T22:40:45.963509646
checker_concurent_15,2026-06-04T22:40:45.963527474
checker_concurent_15,2026-06-04T22:40:45.963545201
checker_concurent_15,2026-06-04T22:40:45.963563879
checker_concurent_19,2026-06-04T22:40:45.963613785
checker_concurent_19,2026-06-04T22:40:45.963657422
checker_concurent_19,2026-06-04T22:40:45.963678864
checker_concurent_19,2026-06-04T22:40:45.963714298
checker_concurent_19,2026-06-04T22:40:45.963736602
checker_concurent_19,2026-06-04T22:40:45.963750253
checker_concurent_19,2026-06-04T22:40:45.963763163
checker_concurent_19,2026-06-04T22:40:45.963776944
checker_concurent_1,2026-06-04T22:40:45.963802182
checker_concurent_1,2026-06-04T22:40:45.963834341
checker_concurent_1,2026-06-04T22:40:45.963852369
checker_concurent_1,2026-06-04T22:40:45.963864758
checker_concurent_1,2026-06-04T22:40:45.963876556
checker_concurent_1,2026-06-04T22:40:45.963888284
checker_concurent_1,2026-06-04T22:40:45.963900152
checker_concurent_1,2026-06-04T22:40:45.963935516
checker_concurent_1,2026-06-04T22:40:45.963948065
checker_concurent_1,2026-06-04T22:40:45.963962437
checker_concurent_1,2026-06-04T22:40:45.96399704
checker_concurent_1,2026-06-04T22:40:45.964009989
addMedic,2026-06-04T22:42:51.222903316
addMedic,2026-06-04T22:42:51.225336465
findMedicById,2026-06-04T22:42:51.22549092
findMediciByDepartament,2026-06-04T22:42:51.225624736
getSortedMedici,2026-06-04T22:42:51.225724346
deleteMedic,2026-06-04T22:42:51.225933826
findMedicById,2026-06-04T22:42:51.226005613
findMediciByDepartament,2026-06-04T22:42:51.226099282
deleteMedic,2026-06-04T22:42:51.226180838
findMedicById,2026-06-04T22:42:51.226255681
addPacient,2026-06-04T22:42:51.227505408
addPacient,2026-06-04T22:42:51.22777301
findPacientByName,2026-06-04T22:42:51.227858483
findPacientiByDiagnostic,2026-06-04T22:42:51.227944918
getUrgentPacienti,2026-06-04T22:42:51.228046172
getUrgentPacienti,2026-06-04T22:42:51.228128819
deletePacient,2026-06-04T22:42:51.228201428
findPacientByName,2026-06-04T22:42:51.228264889
deletePacient,2026-06-04T22:42:51.22834919
findPacientByName,2026-06-04T22:42:51.228425205
findPacientiByDiagnostic,2026-06-04T22:42:51.228535566
addSala,2026-06-04T22:42:51.229422781
addSala,2026-06-04T22:42:51.229530838
findSala,2026-06-04T22:42:51.229614327
getAllSali,2026-06-04T22:42:51.229707605
findSala,2026-06-04T22:42:51.229779693
findSala,2026-06-04T22:42:51.22984598
deleteSala,2026-06-04T22:42:51.229917957
findSala,2026-06-04T22:42:51.229981198
deleteSala,2026-06-04T22:42:51.230096158
findSala,2026-06-04T22:42:51.230164889
findSala,2026-06-04T22:42:51.230745117
addMedicament,2026-06-04T22:42:51.236743927
findMedicamentByName,2026-06-04T22:42:51.236955982
deleteMedicament,2026-06-04T22:42:51.237612567
findMedicamentByName,2026-06-04T22:42:51.23772425
findMedicamentByName,2026-06-04T22:42:51.238150495
addMedic,2026-06-04T22:42:51.238793172
addMedic,2026-06-04T22:42:51.23925242
findMedicById,2026-06-04T22:42:51.239463132
salveaza_medic_db,2026-06-04T22:42:51.399302798
cauta_medic_db,2026-06-04T22:42:51.400132262
actualizeaza_medic_db,2026-06-04T22:42:51.400992856
cauta_medic_db,2026-06-04T22:42:51.40137698
listeaza_medici_db,2026-06-04T22:42:51.401967699
sterge_medic_db,2026-06-04T22:42:51.402683306
cauta_medic_db,2026-06-04T22:42:51.40295252
listeaza_medici_db,2026-06-04T22:42:51.40342873
salveaza_medic_db,2026-06-04T22:42:51.404415665
cauta_medic_db,2026-06-04T22:42:51.40478997
sterge_medic_db,2026-06-04T22:42:51.405351423
salveaza_sala_db,2026-06-04T22:42:51.406550013
actualizeaza_sala_db,2026-06-04T22:42:51.407111966
cauta_sala_db,2026-06-04T22:42:51.407381792
sterge_sala_db,2026-06-04T22:42:51.407776075
cauta_sala_db,2026-06-04T22:42:51.407963703
salveaza_medicament_db,2026-06-04T22:42:51.408818767
cauta_medicament_db,2026-06-04T22:42:51.409268616
actualizeaza_medicament_db,2026-06-04T22:42:51.409687146
cauta_medicament_db,2026-06-04T22:42:51.409912977
sterge_medicament_db,2026-06-04T22:42:51.41067884
cauta_medicament_db,2026-06-04T22:42:51.411004592
salveaza_medic_db,2026-06-04T22:42:51.412355483
interneaza_pacient_db,2026-06-04T22:42:51.415100387
cauta_pacient_db,2026-06-04T22:42:51.416539877
salveaza_medicament_db,2026-06-04T22:42:51.41813776
listeaza_pacienti_db,2026-06-04T22:42:51.419225007
prescrie_medicament_db,2026-06-04T22:42:51.423382319
cauta_medicament_db,2026-06-04T22:42:51.42371273
listeaza_pacienti_db,2026-06-04T22:42:51.426499774
prescrie_medicament_rollback,2026-06-04T22:42:51.427872757
cauta_medicament_db,2026-06-04T22:42:51.430896925
raport_pacienti_urgenti,2026-06-04T22:42:51.435073444
raport_pacienti_per_medic,2026-06-04T22:42:51.438256564
raport_top_medicamente,2026-06-04T22:42:51.441925033
listeaza_pacienti_db,2026-06-04T22:42:51.443069189
raport_prescriptii_pacient,2026-06-04T22:42:51.44513765
checker_actiune_1,2026-06-04T22:42:51.445622757
checker_actiune_2,2026-06-04T22:42:51.448985421
checker_concurent_0,2026-06-04T22:42:51.454880192
checker_concurent_5,2026-06-04T22:42:51.455230772
checker_concurent_5,2026-06-04T22:42:51.45533478
checker_concurent_5,2026-06-04T22:42:51.455393613
checker_concurent_5,2026-06-04T22:42:51.455457785
checker_concurent_5,2026-06-04T22:42:51.455510907
checker_concurent_5,2026-06-04T22:42:51.455566914
checker_concurent_5,2026-06-04T22:42:51.455638791
checker_concurent_5,2026-06-04T22:42:51.455687705
checker_concurent_5,2026-06-04T22:42:51.455738341
checker_concurent_5,2026-06-04T22:42:51.455788778
checker_concurent_5,2026-06-04T22:42:51.455837541
checker_concurent_5,2026-06-04T22:42:51.455886925
checker_concurent_5,2026-06-04T22:42:51.45593658
checker_concurent_5,2026-06-04T22:42:51.455984472
checker_concurent_5,2026-06-04T22:42:51.456042272
checker_concurent_5,2026-06-04T22:42:51.45610419
checker_concurent_5,2026-06-04T22:42:51.456159736
checker_concurent_5,2026-06-04T22:42:51.456215052
checker_concurent_5,2026-06-04T22:42:51.456263605
checker_concurent_5,2026-06-04T22:42:51.459075356
checker_concurent_5,2026-06-04T22:42:51.459153335
checker_concurent_5,2026-06-04T22:42:51.459199403
checker_concurent_5,2026-06-04T22:42:51.459237947
checker_concurent_6,2026-06-04T22:42:51.459394246
checker_concurent_0,2026-06-04T22:42:51.459584168
checker_concurent_0,2026-06-04T22:42:51.459649443
checker_concurent_0,2026-06-04T22:42:51.459702254
checker_concurent_0,2026-06-04T22:42:51.459742391
checker_concurent_0,2026-06-04T22:42:51.459802125
checker_concurent_0,2026-06-04T22:42:51.459845397
checker_concurent_0,2026-06-04T22:42:51.459890604
checker_concurent_0,2026-06-04T22:42:51.459947823
checker_concurent_0,2026-06-04T22:42:51.459990204
checker_concurent_0,2026-06-04T22:42:51.460068654
checker_concurent_0,2026-06-04T22:42:51.460112408
checker_concurent_0,2026-06-04T22:42:51.460154037
checker_concurent_0,2026-06-04T22:42:51.460201999
checker_concurent_0,2026-06-04T22:42:51.460243358
checker_concurent_0,2026-06-04T22:42:51.460295818
checker_concurent_0,2026-06-04T22:42:51.460349501
checker_concurent_0,2026-06-04T22:42:51.460403694
checker_concurent_0,2026-06-04T22:42:51.460445203
checker_concurent_0,2026-06-04T22:42:51.460524896
checker_concurent_0,2026-06-04T22:42:51.460590711
checker_concurent_0,2026-06-04T22:42:51.460660264
checker_concurent_0,2026-06-04T22:42:51.461241164
checker_concurent_0,2026-06-04T22:42:51.46136486
checker_concurent_0,2026-06-04T22:42:51.461439683
checker_concurent_4,2026-06-04T22:42:51.461613525
checker_concurent_4,2026-06-04T22:42:51.461724607
checker_concurent_4,2026-06-04T22:42:51.461778951
checker_concurent_4,2026-06-04T22:42:51.46182024
checker_concurent_4,2026-06-04T22:42:51.461868142
checker_concurent_4,2026-06-04T22:42:51.461920061
checker_concurent_4,2026-06-04T22:42:51.461960438
checker_concurent_4,2026-06-04T22:42:51.4619982
checker_concurent_4,2026-06-04T22:42:51.462050139
checker_concurent_4,2026-06-04T22:42:51.462096678
checker_concurent_4,2026-06-04T22:42:51.462144469
checker_concurent_4,2026-06-04T22:42:51.462195858
checker_concurent_4,2026-06-04T22:42:51.462241976
checker_concurent_4,2026-06-04T22:42:51.46229675
checker_concurent_4,2026-06-04T22:42:51.462343389
checker_concurent_4,2026-06-04T22:42:51.462378046
checker_concurent_4,2026-06-04T22:42:51.46241184
checker_concurent_4,2026-06-04T22:42:51.462460193
checker_concurent_4,2026-06-04T22:42:51.462519927
checker_concurent_4,2026-06-04T22:42:51.462571145
checker_concurent_4,2026-06-04T22:42:51.462667739
checker_concurent_4,2026-06-04T22:42:51.462731371
checker_concurent_4,2026-06-04T22:42:51.46276763
checker_concurent_4,2026-06-04T22:42:51.462802707
checker_concurent_4,2026-06-04T22:42:51.46283554
checker_concurent_3,2026-06-04T22:42:51.463003681
checker_concurent_3,2026-06-04T22:42:51.463224763
checker_concurent_2,2026-06-04T22:42:51.463407833
checker_concurent_2,2026-06-04T22:42:51.46351108
checker_concurent_2,2026-06-04T22:42:51.463561647
checker_concurent_2,2026-06-04T22:42:51.463629076
checker_concurent_2,2026-06-04T22:42:51.463695603
checker_concurent_2,2026-06-04T22:42:51.463747652
checker_concurent_2,2026-06-04T22:42:51.463819019
checker_concurent_2,2026-06-04T22:42:51.46387199
checker_concurent_2,2026-06-04T22:42:51.463933437
checker_concurent_2,2026-06-04T22:42:51.463991709
checker_concurent_2,2026-06-04T22:42:51.464109824
checker_concurent_2,2026-06-04T22:42:51.4641703
checker_concurent_2,2026-06-04T22:42:51.464224794
checker_concurent_2,2026-06-04T22:42:51.464283376
checker_concurent_2,2026-06-04T22:42:51.464341848
checker_concurent_2,2026-06-04T22:42:51.464403305
checker_concurent_2,2026-06-04T22:42:51.464462348
checker_concurent_2,2026-06-04T22:42:51.464514688
checker_concurent_2,2026-06-04T22:42:51.464572498
checker_concurent_2,2026-06-04T22:42:51.464611212
checker_concurent_2,2026-06-04T22:42:51.464649786
checker_concurent_2,2026-06-04T22:42:51.464710933
checker_concurent_2,2026-06-04T22:42:51.464745018
checker_concurent_2,2026-06-04T22:42:51.464782379
checker_concurent_2,2026-06-04T22:42:51.464826564
checker_concurent_1,2026-06-04T22:42:51.464940301
checker_concurent_1,2026-06-04T22:42:51.465063416
checker_concurent_1,2026-06-04T22:42:51.465148298
checker_concurent_1,2026-06-04T22:42:51.465197933
checker_concurent_1,2026-06-04T22:42:51.465246776
checker_concurent_1,2026-06-04T22:42:51.465376945
checker_concurent_1,2026-06-04T22:42:51.465446878
checker_concurent_1,2026-06-04T22:42:51.465498577
checker_concurent_1,2026-06-04T22:42:51.46555254
checker_concurent_3,2026-06-04T22:42:51.465631842
checker_concurent_3,2026-06-04T22:42:51.465715161
checker_concurent_3,2026-06-04T22:42:51.465783151
checker_concurent_3,2026-06-04T22:42:51.465874315
checker_concurent_3,2026-06-04T22:42:51.465926825
checker_concurent_3,2026-06-04T22:42:51.46597629
checker_concurent_3,2026-06-04T22:42:51.466020113
checker_concurent_3,2026-06-04T22:42:51.466071401
checker_concurent_3,2026-06-04T22:42:51.466183646
checker_concurent_3,2026-06-04T22:42:51.466241316
checker_concurent_3,2026-06-04T22:42:51.466276664
checker_concurent_3,2026-06-04T22:42:51.466310378
checker_concurent_3,2026-06-04T22:42:51.466349052
checker_concurent_3,2026-06-04T22:42:51.466383448
checker_concurent_3,2026-06-04T22:42:51.46641591
checker_concurent_3,2026-06-04T22:42:51.46652617
checker_concurent_3,2026-06-04T22:42:51.466569944
checker_concurent_3,2026-06-04T22:42:51.466612906
checker_concurent_3,2026-06-04T22:42:51.466660407
checker_concurent_3,2026-06-04T22:42:51.466690224
checker_concurent_3,2026-06-04T22:42:51.466718177
checker_concurent_3,2026-06-04T22:42:51.466746902
checker_concurent_3,2026-06-04T22:42:51.466774374
checker_concurent_6,2026-06-04T22:42:51.466842414
checker_concurent_6,2026-06-04T22:42:51.466921846
checker_concurent_6,2026-06-04T22:42:51.466982181
checker_concurent_6,2026-06-04T22:42:51.467091961
checker_concurent_6,2026-06-04T22:42:51.467141516
checker_concurent_6,2026-06-04T22:42:51.467182093
checker_concurent_6,2026-06-04T22:42:51.467225837
checker_concurent_6,2026-06-04T22:42:51.467261826
checker_concurent_6,2026-06-04T22:42:51.467298205
checker_concurent_6,2026-06-04T22:42:51.467328142
checker_concurent_6,2026-06-04T22:42:51.467362608
checker_concurent_6,2026-06-04T22:42:51.467399559
checker_concurent_6,2026-06-04T22:42:51.467429857
checker_concurent_6,2026-06-04T22:42:51.467459163
checker_concurent_6,2026-06-04T22:42:51.46750467
checker_concurent_6,2026-06-04T22:42:51.467550858
checker_concurent_6,2026-06-04T22:42:51.467595203
checker_concurent_6,2026-06-04T22:42:51.467634658
checker_concurent_6,2026-06-04T22:42:51.467665337
checker_concurent_6,2026-06-04T22:42:51.467699873
checker_concurent_6,2026-06-04T22:42:51.467770998
checker_concurent_6,2026-06-04T22:42:51.467805504
checker_concurent_6,2026-06-04T22:42:51.46784491
checker_concurent_6,2026-06-04T22:42:51.467917478
checker_concurent_5,2026-06-04T22:42:51.468021978
checker_concurent_5,2026-06-04T22:42:51.4681435
checker_concurent_18,2026-06-04T22:42:51.468308365
checker_concurent_18,2026-06-04T22:42:51.468470525
checker_concurent_18,2026-06-04T22:42:51.468540729
checker_concurent_18,2026-06-04T22:42:51.468658063
checker_concurent_19,2026-06-04T22:42:51.468777181
checker_concurent_19,2026-06-04T22:42:51.468877813
checker_concurent_19,2026-06-04T22:42:51.468942076
checker_concurent_19,2026-06-04T22:42:51.468986561
checker_concurent_19,2026-06-04T22:42:51.469060041
checker_concurent_19,2026-06-04T22:42:51.469098254
checker_concurent_19,2026-06-04T22:42:51.469130766
checker_concurent_19,2026-06-04T22:42:51.469181593
checker_concurent_19,2026-06-04T22:42:51.469217632
checker_concurent_19,2026-06-04T22:42:51.469254974
checker_concurent_19,2026-06-04T22:42:51.469342441
checker_concurent_19,2026-06-04T22:42:51.46938424
checker_concurent_19,2026-06-04T22:42:51.469424708
checker_concurent_19,2026-06-04T22:42:51.469458913
checker_concurent_19,2026-06-04T22:42:51.469534337
checker_concurent_19,2026-06-04T22:42:51.46957779
checker_concurent_19,2026-06-04T22:42:51.469615993
checker_concurent_19,2026-06-04T22:42:51.469649207
checker_concurent_19,2026-06-04T22:42:51.469680807
checker_concurent_19,2026-06-04T22:42:51.469706115
checker_concurent_19,2026-06-04T22:42:51.469731313
checker_concurent_19,2026-06-04T22:42:51.469755209
checker_concurent_19,2026-06-04T22:42:51.469779896
checker_concurent_19,2026-06-04T22:42:51.469802539
checker_concurent_19,2026-06-04T22:42:51.469844409
checker_concurent_17,2026-06-04T22:42:51.469948889
checker_concurent_17,2026-06-04T22:42:51.470070151
checker_concurent_17,2026-06-04T22:42:51.470124765
checker_concurent_17,2026-06-04T22:42:51.470155454
checker_concurent_17,2026-06-04T22:42:51.470183427
checker_concurent_17,2026-06-04T22:42:51.470218354
checker_concurent_17,2026-06-04T22:42:51.470264522
checker_concurent_17,2026-06-04T22:42:51.470292095
checker_concurent_17,2026-06-04T22:42:51.470314748
checker_concurent_17,2026-06-04T22:42:51.47033661
checker_concurent_17,2026-06-04T22:42:51.470356918
checker_concurent_17,2026-06-04T22:42:51.470377838
checker_concurent_17,2026-06-04T22:42:51.470401263
checker_concurent_17,2026-06-04T22:42:51.470424237
checker_concurent_17,2026-06-04T22:42:51.470447942
checker_concurent_17,2026-06-04T22:42:51.470472058
checker_concurent_17,2026-06-04T22:42:51.470494612
checker_concurent_17,2026-06-04T22:42:51.470517856
checker_concurent_17,2026-06-04T22:42:51.470540639
checker_concurent_17,2026-06-04T22:42:51.470564505
checker_concurent_16,2026-06-04T22:42:51.470633196
checker_concurent_16,2026-06-04T22:42:51.470759868
checker_concurent_16,2026-06-04T22:42:51.470845672
checker_concurent_16,2026-06-04T22:42:51.470875429
checker_concurent_16,2026-06-04T22:42:51.47090209
checker_concurent_16,2026-06-04T22:42:51.470929673
checker_concurent_16,2026-06-04T22:42:51.470956945
checker_concurent_16,2026-06-04T22:42:51.470982884
checker_concurent_16,2026-06-04T22:42:51.471008042
checker_concurent_15,2026-06-04T22:42:51.471107102
checker_concurent_13,2026-06-04T22:42:51.471221761
checker_concurent_13,2026-06-04T22:42:51.471300982
checker_concurent_13,2026-06-04T22:42:51.471334927
checker_concurent_13,2026-06-04T22:42:51.47136275
checker_concurent_13,2026-06-04T22:42:51.471391555
checker_concurent_13,2026-06-04T22:42:51.471416523
checker_concurent_13,2026-06-04T22:42:51.471441701
checker_concurent_13,2026-06-04T22:42:51.471465456
checker_concurent_13,2026-06-04T22:42:51.471489462
checker_concurent_13,2026-06-04T22:42:51.471513568
checker_concurent_13,2026-06-04T22:42:51.47153567
checker_concurent_13,2026-06-04T22:42:51.471559446
checker_concurent_13,2026-06-04T22:42:51.47158272
checker_concurent_13,2026-06-04T22:42:51.471620823
checker_concurent_14,2026-06-04T22:42:51.471682611
checker_concurent_14,2026-06-04T22:42:51.471749529
checker_concurent_12,2026-06-04T22:42:51.471825524
checker_concurent_11,2026-06-04T22:42:51.471942818
checker_concurent_10,2026-06-04T22:42:51.472115338
checker_concurent_10,2026-06-04T22:42:51.472191473
checker_concurent_10,2026-06-04T22:42:51.472224777
checker_concurent_10,2026-06-04T22:42:51.472250907
checker_concurent_10,2026-06-04T22:42:51.472276085
checker_concurent_10,2026-06-04T22:42:51.472301744
checker_concurent_9,2026-06-04T22:42:51.472353302
checker_concurent_9,2026-06-04T22:42:51.472436602
checker_concurent_8,2026-06-04T22:42:51.472522115
checker_concurent_7,2026-06-04T22:42:51.472626224
checker_concurent_7,2026-06-04T22:42:51.47267122
checker_concurent_7,2026-06-04T22:42:51.472694424
checker_concurent_7,2026-06-04T22:42:51.472713561
checker_concurent_7,2026-06-04T22:42:51.472732747
checker_concurent_7,2026-06-04T22:42:51.472750772
checker_concurent_7,2026-06-04T22:42:51.472769638
checker_concurent_7,2026-06-04T22:42:51.472787652
checker_concurent_7,2026-06-04T22:42:51.472804003
checker_concurent_7,2026-06-04T22:42:51.472821286
checker_concurent_7,2026-06-04T22:42:51.472838369
checker_concurent_7,2026-06-04T22:42:51.47285439
checker_concurent_7,2026-06-04T22:42:51.472874308
checker_concurent_7,2026-06-04T22:42:51.472898153
checker_concurent_7,2026-06-04T22:42:51.472922409
checker_concurent_7,2026-06-04T22:42:51.472947788
checker_concurent_7,2026-06-04T22:42:51.472970982
checker_concurent_7,2026-06-04T22:42:51.472996992
checker_concurent_7,2026-06-04T22:42:51.473028552
checker_concurent_7,2026-06-04T22:42:51.473060122
checker_concurent_7,2026-06-04T22:42:51.473109146
checker_concurent_7,2026-06-04T22:42:51.473135366
checker_concurent_7,2026-06-04T22:42:51.473160594
checker_concurent_7,2026-06-04T22:42:51.473186574
checker_concurent_7,2026-06-04T22:42:51.473211983
checker_concurent_8,2026-06-04T22:42:51.473237942
checker_concurent_8,2026-06-04T22:42:51.473268821
checker_concurent_8,2026-06-04T22:42:51.473292807
checker_concurent_8,2026-06-04T22:42:51.473313917
checker_concurent_8,2026-06-04T22:42:51.473331671
checker_concurent_8,2026-06-04T22:42:51.473349205
checker_concurent_8,2026-06-04T22:42:51.473366548
checker_concurent_8,2026-06-04T22:42:51.473383701
checker_concurent_8,2026-06-04T22:42:51.473411404
checker_concurent_8,2026-06-04T22:42:51.473436902
checker_concurent_8,2026-06-04T22:42:51.473460648
checker_concurent_8,2026-06-04T22:42:51.473497478
checker_concurent_8,2026-06-04T22:42:51.473526494
checker_concurent_8,2026-06-04T22:42:51.473555008
checker_concurent_8,2026-06-04T22:42:51.473584705
checker_concurent_8,2026-06-04T22:42:51.473615463
checker_concurent_8,2026-06-04T22:42:51.47365009
checker_concurent_8,2026-06-04T22:42:51.473676911
checker_concurent_8,2026-06-04T22:42:51.473705465
checker_concurent_8,2026-06-04T22:42:51.47373928
checker_concurent_8,2026-06-04T22:42:51.473781541
checker_concurent_8,2026-06-04T22:42:51.473805146
checker_concurent_8,2026-06-04T22:42:51.473822068
checker_concurent_8,2026-06-04T22:42:51.47383895
checker_concurent_9,2026-06-04T22:42:51.473873476
checker_concurent_9,2026-06-04T22:42:51.473915807
checker_concurent_9,2026-06-04T22:42:51.47394842
checker_concurent_9,2026-06-04T22:42:51.47397466
checker_concurent_9,2026-06-04T22:42:51.473999788
checker_concurent_9,2026-06-04T22:42:51.474128975
checker_concurent_9,2026-06-04T22:42:51.474183579
checker_concurent_9,2026-06-04T22:42:51.474297336
checker_concurent_9,2026-06-04T22:42:51.474358713
checker_concurent_9,2026-06-04T22:42:51.47440914
checker_concurent_9,2026-06-04T22:42:51.474445249
checker_concurent_9,2026-06-04T22:42:51.474473914
checker_concurent_9,2026-06-04T22:42:51.474499973
checker_concurent_9,2026-06-04T22:42:51.474684867
checker_concurent_9,2026-06-04T22:42:51.474724572
checker_concurent_9,2026-06-04T22:42:51.474747536
checker_concurent_9,2026-06-04T22:42:51.474767605
checker_concurent_9,2026-06-04T22:42:51.474787433
checker_concurent_9,2026-06-04T22:42:51.474809204
checker_concurent_9,2026-06-04T22:42:51.474837408
checker_concurent_9,2026-06-04T22:42:51.474858829
checker_concurent_9,2026-06-04T22:42:51.474880701
checker_concurent_9,2026-06-04T22:42:51.47494832
checker_concurent_10,2026-06-04T22:42:51.475002984
checker_concurent_10,2026-06-04T22:42:51.475086233
checker_concurent_10,2026-06-04T22:42:51.475195642
checker_concurent_11,2026-06-04T22:42:51.475273862
checker_concurent_11,2026-06-04T22:42:51.475320912
checker_concurent_11,2026-06-04T22:42:51.475354526
checker_concurent_11,2026-06-04T22:42:51.475378341
checker_concurent_11,2026-06-04T22:42:51.47540371
checker_concurent_11,2026-06-04T22:42:51.475427465
checker_concurent_11,2026-06-04T22:42:51.475455659
checker_concurent_11,2026-06-04T22:42:51.475478312
checker_concurent_11,2026-06-04T22:42:51.475499934
checker_concurent_11,2026-06-04T22:42:51.475519922
checker_concurent_11,2026-06-04T22:42:51.475539389
checker_concurent_11,2026-06-04T22:42:51.475559918
checker_concurent_11,2026-06-04T22:42:51.475583854
checker_concurent_11,2026-06-04T22:42:51.475604233
checker_concurent_11,2026-06-04T22:42:51.475634531
checker_concurent_11,2026-06-04T22:42:51.475655591
checker_concurent_11,2026-06-04T22:42:51.47567586
checker_concurent_11,2026-06-04T22:42:51.475696279
checker_concurent_11,2026-06-04T22:42:51.475715977
checker_concurent_11,2026-06-04T22:42:51.475737888
checker_concurent_11,2026-06-04T22:42:51.475758698
checker_concurent_11,2026-06-04T22:42:51.475779007
checker_concurent_11,2026-06-04T22:42:51.475799737
checker_concurent_11,2026-06-04T22:42:51.475820366
checker_concurent_12,2026-06-04T22:42:51.47586936
checker_concurent_12,2026-06-04T22:42:51.475949192
checker_concurent_12,2026-06-04T22:42:51.476050506
checker_concurent_12,2026-06-04T22:42:51.476112384
checker_concurent_12,2026-06-04T22:42:51.47614201
checker_concurent_12,2026-06-04T22:42:51.476176005
checker_concurent_12,2026-06-04T22:42:51.4762101
checker_concurent_12,2026-06-04T22:42:51.476237974
checker_concurent_12,2026-06-04T22:42:51.476264795
checker_concurent_12,2026-06-04T22:42:51.476291276
checker_concurent_12,2026-06-04T22:42:51.47631982
checker_concurent_12,2026-06-04T22:42:51.476347182
checker_concurent_12,2026-06-04T22:42:51.476374004
checker_concurent_12,2026-06-04T22:42:51.476400564
checker_concurent_12,2026-06-04T22:42:51.476428137
checker_concurent_12,2026-06-04T22:42:51.476456611
checker_concurent_12,2026-06-04T22:42:51.476483172
checker_concurent_12,2026-06-04T22:42:51.476510224
checker_concurent_12,2026-06-04T22:42:51.476536093
checker_concurent_12,2026-06-04T22:42:51.476563165
checker_concurent_12,2026-06-04T22:42:51.476589856
checker_concurent_12,2026-06-04T22:42:51.476616126
checker_concurent_12,2026-06-04T22:42:51.476647095
checker_concurent_12,2026-06-04T22:42:51.476673135
checker_concurent_14,2026-06-04T22:42:51.476710136
checker_concurent_14,2026-06-04T22:42:51.476744191
checker_concurent_14,2026-06-04T22:42:51.476767205
checker_concurent_14,2026-06-04T22:42:51.47679641
checker_concurent_14,2026-06-04T22:42:51.47681692
checker_concurent_14,2026-06-04T22:42:51.476837379
checker_concurent_14,2026-06-04T22:42:51.476858749
checker_concurent_14,2026-06-04T22:42:51.476877375
checker_concurent_14,2026-06-04T22:42:51.476897213
checker_concurent_14,2026-06-04T22:42:51.476915057
checker_concurent_14,2026-06-04T22:42:51.476933212
checker_concurent_14,2026-06-04T22:42:51.476957087
checker_concurent_14,2026-06-04T22:42:51.476975643
checker_concurent_14,2026-06-04T22:42:51.476996132
checker_concurent_14,2026-06-04T22:42:51.477050997
checker_concurent_14,2026-06-04T22:42:51.477079541
checker_concurent_14,2026-06-04T22:42:51.477101603
checker_concurent_14,2026-06-04T22:42:51.477121902
checker_concurent_14,2026-06-04T22:42:51.477142121
checker_concurent_14,2026-06-04T22:42:51.47716275
checker_concurent_14,2026-06-04T22:42:51.477183179
checker_concurent_14,2026-06-04T22:42:51.477202466
checker_concurent_14,2026-06-04T22:42:51.477221903
checker_concurent_13,2026-06-04T22:42:51.477257822
checker_concurent_13,2026-06-04T22:42:51.477301525
checker_concurent_13,2026-06-04T22:42:51.477337334
checker_concurent_13,2026-06-04T22:42:51.477367361
checker_concurent_13,2026-06-04T22:42:51.477388642
checker_concurent_13,2026-06-04T22:42:51.477404692
checker_concurent_13,2026-06-04T22:42:51.477421755
checker_concurent_13,2026-06-04T22:42:51.477437044
checker_concurent_13,2026-06-04T22:42:51.477464777
checker_concurent_13,2026-06-04T22:42:51.47748209
checker_concurent_13,2026-06-04T22:42:51.47749741
checker_concurent_15,2026-06-04T22:42:51.477556683
checker_concurent_15,2026-06-04T22:42:51.47764956
checker_concurent_15,2026-06-04T22:42:51.477701369
checker_concurent_15,2026-06-04T22:42:51.477740153
checker_concurent_15,2026-06-04T22:42:51.477774248
checker_concurent_15,2026-06-04T22:42:51.477807021
checker_concurent_15,2026-06-04T22:42:51.477839283
checker_concurent_15,2026-06-04T22:42:51.477871103
checker_concurent_15,2026-06-04T22:42:51.477904127
checker_concurent_15,2026-06-04T22:42:51.477935086
checker_concurent_15,2026-06-04T22:42:51.477966095
checker_concurent_15,2026-06-04T22:42:51.477997355
checker_concurent_15,2026-06-04T22:42:51.478055406
checker_concurent_15,2026-06-04T22:42:51.478085383
checker_concurent_15,2026-06-04T22:42:51.478119388
checker_concurent_15,2026-06-04T22:42:51.478157801
checker_concurent_15,2026-06-04T22:42:51.478191696
checker_concurent_15,2026-06-04T22:42:51.478297268
checker_concurent_15,2026-06-04T22:42:51.478406136
checker_concurent_15,2026-06-04T22:42:51.478456552
checker_concurent_15,2026-06-04T22:42:51.478498462
checker_concurent_15,2026-06-04T22:42:51.478550672
checker_concurent_15,2026-06-04T22:42:51.47858122
checker_concurent_15,2026-06-04T22:42:51.478613001
checker_concurent_16,2026-06-04T22:42:51.478681923
checker_concurent_16,2026-06-04T22:42:51.47876944
checker_concurent_16,2026-06-04T22:42:51.478817782
checker_concurent_16,2026-06-04T22:42:51.478871014
checker_concurent_16,2026-06-04T22:42:51.478917352
checker_concurent_16,2026-06-04T22:42:51.478983098
checker_concurent_16,2026-06-04T22:42:51.479049866
checker_concurent_16,2026-06-04T22:42:51.479419923
checker_concurent_16,2026-06-04T22:42:51.479473465
checker_concurent_16,2026-06-04T22:42:51.479512129
checker_concurent_16,2026-06-04T22:42:51.479549059
checker_concurent_16,2026-06-04T22:42:51.479569629
checker_concurent_16,2026-06-04T22:42:51.479590418
checker_concurent_16,2026-06-04T22:42:51.47961744
checker_concurent_16,2026-06-04T22:42:51.47963862
checker_concurent_16,2026-06-04T22:42:51.479658118
checker_concurent_17,2026-06-04T22:42:51.479698064
checker_concurent_17,2026-06-04T22:42:51.479751807
checker_concurent_17,2026-06-04T22:42:51.479803034
checker_concurent_17,2026-06-04T22:42:51.479840757
checker_concurent_17,2026-06-04T22:42:51.47988467
checker_concurent_18,2026-06-04T22:42:51.47996281
checker_concurent_18,2026-06-04T22:42:51.480085544
checker_concurent_18,2026-06-04T22:42:51.480129438
checker_concurent_18,2026-06-04T22:42:51.480166208
checker_concurent_18,2026-06-04T22:42:51.480229148
checker_concurent_18,2026-06-04T22:42:51.480275277
checker_concurent_18,2026-06-04T22:42:51.480306115
checker_concurent_18,2026-06-04T22:42:51.480342204
checker_concurent_18,2026-06-04T22:42:51.48039762
checker_concurent_18,2026-06-04T22:42:51.480440853
checker_concurent_18,2026-06-04T22:42:51.480493483
checker_concurent_18,2026-06-04T22:42:51.480525424
checker_concurent_18,2026-06-04T22:42:51.48055461
checker_concurent_18,2026-06-04T22:42:51.480588555
checker_concurent_18,2026-06-04T22:42:51.480619083
checker_concurent_18,2026-06-04T22:42:51.480665372
checker_concurent_18,2026-06-04T22:42:51.480713213
checker_concurent_18,2026-06-04T22:42:51.480761245
checker_concurent_18,2026-06-04T22:42:51.48077952
checker_concurent_18,2026-06-04T22:42:51.480796562
checker_concurent_18,2026-06-04T22:42:51.480815088
checker_concurent_1,2026-06-04T22:42:51.480846648
checker_concurent_1,2026-06-04T22:42:51.480886955
checker_concurent_1,2026-06-04T22:42:51.480926851
checker_concurent_1,2026-06-04T22:42:51.480961237
checker_concurent_1,2026-06-04T22:42:51.480977157
checker_concurent_1,2026-06-04T22:42:51.480995432
checker_concurent_1,2026-06-04T22:42:51.481020871
checker_concurent_1,2026-06-04T22:42:51.481042642
checker_concurent_1,2026-06-04T22:42:51.48106245
checker_concurent_1,2026-06-04T22:42:51.481095433
checker_concurent_1,2026-06-04T22:42:51.481115672
checker_concurent_1,2026-06-04T22:42:51.481133897
checker_concurent_1,2026-06-04T22:42:51.481154045
checker_concurent_1,2026-06-04T22:42:51.481176558
checker_concurent_1,2026-06-04T22:42:51.481197218
checker_concurent_1,2026-06-04T22:42:51.481215563
checker_concurent_10,2026-06-04T22:42:51.48126663
checker_concurent_10,2026-06-04T22:42:51.481306476
checker_concurent_10,2026-06-04T22:42:51.481332977
checker_concurent_10,2026-06-04T22:42:51.481353095
checker_concurent_10,2026-06-04T22:42:51.481373064
checker_concurent_10,2026-06-04T22:42:51.481393432
checker_concurent_10,2026-06-04T22:42:51.481411196
checker_concurent_10,2026-06-04T22:42:51.481432637
checker_concurent_10,2026-06-04T22:42:51.481451173
checker_concurent_10,2026-06-04T22:42:51.481471011
checker_concurent_10,2026-06-04T22:42:51.481488454
checker_concurent_10,2026-06-04T22:42:51.481507891
checker_concurent_10,2026-06-04T22:42:51.481527148
checker_concurent_10,2026-06-04T22:42:51.481543229
checker_concurent_10,2026-06-04T22:42:51.481560432
checker_concurent_10,2026-06-04T22:42:51.481576432
addMedic,2026-06-04T22:47:04.835958399
addMedic,2026-06-04T22:47:04.840787237
addMedic,2026-06-04T22:47:04.840926714
getAllMedici,2026-06-04T22:47:04.841033012
findMedicById,2026-06-04T22:47:04.855174375
findMediciByDepartament,2026-06-04T22:47:04.855686051
deleteMedic,2026-06-04T22:47:04.855971686
findMedicById,2026-06-04T22:47:04.856079768
getAllMedici,2026-06-04T22:47:04.856185575
addMedicSpecialist,2026-06-04T22:47:04.857083484
addSpecToMedic,2026-06-04T22:47:04.857201904
findMedicSpecialistById,2026-06-04T22:47:04.857281996
findMedicSpecialistById,2026-06-04T22:47:04.85736377
addManager,2026-06-04T22:47:04.858265507
addAsistenta,2026-06-04T22:47:04.858609506
addPacient,2026-06-04T22:47:04.863846436
findPacientByName,2026-06-04T22:47:04.867254849
findPacientiByDiagnostic,2026-06-04T22:47:04.867474248
getUrgentPacienti,2026-06-04T22:47:04.867644329
getSortedMedici,2026-06-04T22:47:04.867891737
addSala,2026-06-04T22:47:04.869572572
addSala,2026-06-04T22:47:04.869677247
addSala,2026-06-04T22:47:04.869755866
getAllSali,2026-06-04T22:47:04.869833924
addMedicament,2026-06-04T22:47:04.871552416
addMedicament,2026-06-04T22:47:04.871672559
getAllMedicamente,2026-06-04T22:47:04.871991945
deleteMedicament,2026-06-04T22:47:04.874206194
findMedicamentByName,2026-06-04T22:47:04.874313294
getAllMedicamente,2026-06-04T22:47:04.874575057
addMedic,2026-06-04T22:47:04.874794796
addMedic,2026-06-04T22:47:04.875181651
findMedicById,2026-06-04T22:47:04.875312142
findMedicamentByName,2026-06-04T22:47:04.875543862
salveaza_medic_db,2026-06-04T22:47:05.008165002
salveaza_medic_db,2026-06-04T22:47:05.008951967
listeaza_medici_db,2026-06-04T22:47:05.013815654
cauta_medic_db,2026-06-04T22:47:05.015248883
actualizeaza_medic_db,2026-06-04T22:47:05.016500681
cauta_medic_db,2026-06-04T22:47:05.01687839
cauta_medic_db,2026-06-04T22:47:05.01730756
sterge_medic_db,2026-06-04T22:47:05.018277679
listeaza_medici_db,2026-06-04T22:47:05.018593168
salveaza_sala_db,2026-06-04T22:47:05.020143905
actualizeaza_sala_db,2026-06-04T22:47:05.021051102
listeaza_sali_db,2026-06-04T22:47:05.021481415
sterge_sala_db,2026-06-04T22:47:05.022017815
listeaza_sali_db,2026-06-04T22:47:05.022251048
salveaza_medicament_db,2026-06-04T22:47:05.023253434
salveaza_medicament_db,2026-06-04T22:47:05.023633077
salveaza_medicament_db,2026-06-04T22:47:05.023986944
listeaza_medicamente_db,2026-06-04T22:47:05.02439691
actualizeaza_medicament_db,2026-06-04T22:47:05.025099244
cauta_medicament_db,2026-06-04T22:47:05.025400187
sterge_medicament_db,2026-06-04T22:47:05.026240977
listeaza_medicamente_db,2026-06-04T22:47:05.026477757
listeaza_medici_db,2026-06-04T22:47:05.027343751
interneaza_pacient_db,2026-06-04T22:47:05.02975934
interneaza_pacient_db,2026-06-04T22:47:05.030716667
listeaza_pacienti_db,2026-06-04T22:47:05.032003867
cauta_pacient_db,2026-06-04T22:47:05.03260391
listeaza_pacienti_db,2026-06-04T22:47:05.033554624
listeaza_medicamente_db,2026-06-04T22:47:05.033927435
prescrie_medicament_db,2026-06-04T22:47:05.035134583
listeaza_medicamente_db,2026-06-04T22:47:05.035348102
prescrie_medicament_rollback,2026-06-04T22:47:05.035815149
listeaza_medicamente_db,2026-06-04T22:47:05.036321346
raport_pacienti_urgenti,2026-06-04T22:47:05.039341587
raport_pacienti_per_medic,2026-06-04T22:47:05.043157738
raport_top_medicamente,2026-06-04T22:47:05.046659291
listeaza_pacienti_db,2026-06-04T22:47:05.047730599
raport_prescriptii_pacient,2026-06-04T22:47:05.050089759
demo_thread_0,2026-06-04T22:47:05.051762783
demo_thread_0,2026-06-04T22:47:05.052050883
demo_thread_0,2026-06-04T22:47:05.052191863
demo_thread_4,2026-06-04T22:47:05.052451934
demo_thread_3,2026-06-04T22:47:05.052652088
demo_thread_3,2026-06-04T22:47:05.052852744
demo_thread_2,2026-06-04T22:47:05.053029607
demo_thread_2,2026-06-04T22:47:05.053130496
demo_thread_2,2026-06-04T22:47:05.053189791
demo_thread_1,2026-06-04T22:47:05.053276885
demo_thread_1,2026-06-04T22:47:05.053366644
demo_thread_1,2026-06-04T22:47:05.053439564
demo_thread_3,2026-06-04T22:47:05.053502124
demo_thread_4,2026-06-04T22:47:05.053775759
demo_thread_4,2026-06-04T22:47:05.053853427
addMedic,2026-06-04T22:47:14.941866507
addMedic,2026-06-04T22:47:14.947708163
addMedic,2026-06-04T22:47:14.947935238
getAllMedici,2026-06-04T22:47:14.948101585
findMedicById,2026-06-04T22:47:14.967500536
findMediciByDepartament,2026-06-04T22:47:14.968032345
deleteMedic,2026-06-04T22:47:14.96842194
findMedicById,2026-06-04T22:47:14.968546152
getAllMedici,2026-06-04T22:47:14.968671526
addMedicSpecialist,2026-06-04T22:47:14.969772871
addSpecToMedic,2026-06-04T22:47:14.969916808
findMedicSpecialistById,2026-06-04T22:47:14.970032645
findMedicSpecialistById,2026-06-04T22:47:14.970150255
addManager,2026-06-04T22:47:14.971390328
addAsistenta,2026-06-04T22:47:14.971848696
addPacient,2026-06-04T22:47:14.979924739
findPacientByName,2026-06-04T22:47:14.9842452
findPacientiByDiagnostic,2026-06-04T22:47:14.984513568
getUrgentPacienti,2026-06-04T22:47:14.98474428
getSortedMedici,2026-06-04T22:47:14.985093023
addSala,2026-06-04T22:47:14.987066665
addSala,2026-06-04T22:47:14.987215701
addSala,2026-06-04T22:47:14.987328593
getAllSali,2026-06-04T22:47:14.987445301
addMedicament,2026-06-04T22:47:14.990066358
addMedicament,2026-06-04T22:47:14.990258151
getAllMedicamente,2026-06-04T22:47:14.990374188
deleteMedicament,2026-06-04T22:47:14.993784474
findMedicamentByName,2026-06-04T22:47:14.993951202
getAllMedicamente,2026-06-04T22:47:14.994328986
addMedic,2026-06-04T22:47:14.994662872
addMedic,2026-06-04T22:47:14.995167673
findMedicById,2026-06-04T22:47:14.99536206
findMedicamentByName,2026-06-04T22:47:14.995700323
salveaza_medic_db,2026-06-04T22:47:15.136021739
salveaza_medic_db,2026-06-04T22:47:15.136767932
listeaza_medici_db,2026-06-04T22:47:15.142091901
cauta_medic_db,2026-06-04T22:47:15.143419783
actualizeaza_medic_db,2026-06-04T22:47:15.144328255
cauta_medic_db,2026-06-04T22:47:15.144634062
cauta_medic_db,2026-06-04T22:47:15.144991139
sterge_medic_db,2026-06-04T22:47:15.145955813
listeaza_medici_db,2026-06-04T22:47:15.14640775
salveaza_sala_db,2026-06-04T22:47:15.148151183
actualizeaza_sala_db,2026-06-04T22:47:15.148825718
listeaza_sali_db,2026-06-04T22:47:15.14910678
sterge_sala_db,2026-06-04T22:47:15.149625978
listeaza_sali_db,2026-06-04T22:47:15.149827898
salveaza_medicament_db,2026-06-04T22:47:15.15097693
salveaza_medicament_db,2026-06-04T22:47:15.151368329
salveaza_medicament_db,2026-06-04T22:47:15.151744962
listeaza_medicamente_db,2026-06-04T22:47:15.15217509
actualizeaza_medicament_db,2026-06-04T22:47:15.152924198
cauta_medicament_db,2026-06-04T22:47:15.153238139
sterge_medicament_db,2026-06-04T22:47:15.154007563
listeaza_medicamente_db,2026-06-04T22:47:15.154349755
listeaza_medici_db,2026-06-04T22:47:15.15538293
interneaza_pacient_db,2026-06-04T22:47:15.158252325
interneaza_pacient_db,2026-06-04T22:47:15.159343714
listeaza_pacienti_db,2026-06-04T22:47:15.160974717
cauta_pacient_db,2026-06-04T22:47:15.161817533
listeaza_pacienti_db,2026-06-04T22:47:15.163128293
listeaza_medicamente_db,2026-06-04T22:47:15.163457552
prescrie_medicament_db,2026-06-04T22:47:15.165198842
listeaza_medicamente_db,2026-06-04T22:47:15.165594539
prescrie_medicament_rollback,2026-06-04T22:47:15.166403764
listeaza_medicamente_db,2026-06-04T22:47:15.167027087
raport_pacienti_urgenti,2026-06-04T22:47:15.172702093
raport_pacienti_per_medic,2026-06-04T22:47:15.179986293
raport_top_medicamente,2026-06-04T22:47:15.183266362
listeaza_pacienti_db,2026-06-04T22:47:15.184354064
raport_prescriptii_pacient,2026-06-04T22:47:15.186469933
demo_thread_0,2026-06-04T22:47:15.187831645
demo_thread_0,2026-06-04T22:47:15.187994536
demo_thread_0,2026-06-04T22:47:15.188081812
demo_thread_2,2026-06-04T22:47:15.188209951
demo_thread_2,2026-06-04T22:47:15.188350602
demo_thread_2,2026-06-04T22:47:15.188447656
demo_thread_1,2026-06-04T22:47:15.188610627
demo_thread_4,2026-06-04T22:47:15.188782273
demo_thread_4,2026-06-04T22:47:15.188902548
demo_thread_4,2026-06-04T22:47:15.188970269
demo_thread_3,2026-06-04T22:47:15.189173983
demo_thread_3,2026-06-04T22:47:15.189439908
demo_thread_3,2026-06-04T22:47:15.189501287
demo_thread_1,2026-06-04T22:47:15.18956435
demo_thread_1,2026-06-04T22:47:15.189628485
addMedic,2026-06-04T22:47:15.290430704
addMedic,2026-06-04T22:47:15.295213727
addMedic,2026-06-04T22:47:15.295351714
getAllMedici,2026-06-04T22:47:15.295447595
findMedicById,2026-06-04T22:47:15.308769939
findMediciByDepartament,2026-06-04T22:47:15.309194588
deleteMedic,2026-06-04T22:47:15.309415793
findMedicById,2026-06-04T22:47:15.309484496
getAllMedici,2026-06-04T22:47:15.309574587
addMedicSpecialist,2026-06-04T22:47:15.310327311
addSpecToMedic,2026-06-04T22:47:15.310430375
findMedicSpecialistById,2026-06-04T22:47:15.310502764
findMedicSpecialistById,2026-06-04T22:47:15.310574152
addManager,2026-06-04T22:47:15.311440279
addAsistenta,2026-06-04T22:47:15.311765009
addPacient,2026-06-04T22:47:15.317321182
findPacientByName,2026-06-04T22:47:15.321130636
findPacientiByDiagnostic,2026-06-04T22:47:15.321415916
getUrgentPacienti,2026-06-04T22:47:15.321627173
getSortedMedici,2026-06-04T22:47:15.321905921
addSala,2026-06-04T22:47:15.324070006
addSala,2026-06-04T22:47:15.324231044
addSala,2026-06-04T22:47:15.32433515
getAllSali,2026-06-04T22:47:15.324442041
addMedicament,2026-06-04T22:47:15.326711654
addMedicament,2026-06-04T22:47:15.326884252
getAllMedicamente,2026-06-04T22:47:15.326984441
deleteMedicament,2026-06-04T22:47:15.330038286
findMedicamentByName,2026-06-04T22:47:15.330150366
getAllMedicamente,2026-06-04T22:47:15.330426299
addMedic,2026-06-04T22:47:15.330616849
addMedic,2026-06-04T22:47:15.331040807
findMedicById,2026-06-04T22:47:15.331168154
findMedicamentByName,2026-06-04T22:47:15.331407822
salveaza_medic_db,2026-06-04T22:47:15.456266939
salveaza_medic_db,2026-06-04T22:47:15.457037395
listeaza_medici_db,2026-06-04T22:47:15.461809729
cauta_medic_db,2026-06-04T22:47:15.463124477
actualizeaza_medic_db,2026-06-04T22:47:15.46403878
cauta_medic_db,2026-06-04T22:47:15.46435824
cauta_medic_db,2026-06-04T22:47:15.464720327
sterge_medic_db,2026-06-04T22:47:15.465746129
listeaza_medici_db,2026-06-04T22:47:15.466171178
salveaza_sala_db,2026-06-04T22:47:15.467830472
actualizeaza_sala_db,2026-06-04T22:47:15.468653181
listeaza_sali_db,2026-06-04T22:47:15.469053517
sterge_sala_db,2026-06-04T22:47:15.469601495
listeaza_sali_db,2026-06-04T22:47:15.469865467
salveaza_medicament_db,2026-06-04T22:47:15.470992379
salveaza_medicament_db,2026-06-04T22:47:15.471450748
salveaza_medicament_db,2026-06-04T22:47:15.471879023
listeaza_medicamente_db,2026-06-04T22:47:15.472498209
actualizeaza_medicament_db,2026-06-04T22:47:15.47358521
cauta_medicament_db,2026-06-04T22:47:15.473955311
sterge_medicament_db,2026-06-04T22:47:15.474768173
listeaza_medicamente_db,2026-06-04T22:47:15.475086912
listeaza_medici_db,2026-06-04T22:47:15.475946107
interneaza_pacient_db,2026-06-04T22:47:15.478333812
interneaza_pacient_db,2026-06-04T22:47:15.479308292
listeaza_pacienti_db,2026-06-04T22:47:15.480816847
cauta_pacient_db,2026-06-04T22:47:15.481583496
listeaza_pacienti_db,2026-06-04T22:47:15.482756691
listeaza_medicamente_db,2026-06-04T22:47:15.483107939
prescrie_medicament_db,2026-06-04T22:47:15.484942285
listeaza_medicamente_db,2026-06-04T22:47:15.485245046
prescrie_medicament_rollback,2026-06-04T22:47:15.485870913
listeaza_medicamente_db,2026-06-04T22:47:15.486442444
raport_pacienti_urgenti,2026-06-04T22:47:15.489597059
raport_pacienti_per_medic,2026-06-04T22:47:15.49330962
raport_top_medicamente,2026-06-04T22:47:15.496150093
listeaza_pacienti_db,2026-06-04T22:47:15.497218531
raport_prescriptii_pacient,2026-06-04T22:47:15.500028249
demo_thread_0,2026-06-04T22:47:15.501497794
demo_thread_0,2026-06-04T22:47:15.501780098
demo_thread_0,2026-06-04T22:47:15.501932982
demo_thread_2,2026-06-04T22:47:15.502225714
demo_thread_2,2026-06-04T22:47:15.502473166
demo_thread_2,2026-06-04T22:47:15.502564039
demo_thread_1,2026-06-04T22:47:15.502728733
demo_thread_1,2026-06-04T22:47:15.502819074
demo_thread_1,2026-06-04T22:47:15.502895961
demo_thread_4,2026-06-04T22:47:15.502989348
demo_thread_4,2026-06-04T22:47:15.503096349
demo_thread_4,2026-06-04T22:47:15.503153171
demo_thread_3,2026-06-04T22:47:15.503271282
demo_thread_3,2026-06-04T22:47:15.503348319
demo_thread_3,2026-06-04T22:47:15.503403598
addMedic,2026-06-04T22:47:56.401594548
addMedic,2026-06-04T22:47:56.408167106
addMedic,2026-06-04T22:47:56.408445718
getAllMedici,2026-06-04T22:47:56.408655332
findMedicById,2026-06-04T22:47:56.425180309
findMediciByDepartament,2026-06-04T22:47:56.425636235
deleteMedic,2026-06-04T22:47:56.425868261
findMedicById,2026-06-04T22:47:56.425947917
getAllMedici,2026-06-04T22:47:56.426044625
addMedicSpecialist,2026-06-04T22:47:56.426942743
addSpecToMedic,2026-06-04T22:47:56.427053045
findMedicSpecialistById,2026-06-04T22:47:56.427127191
findMedicSpecialistById,2026-06-04T22:47:56.427198462
addManager,2026-06-04T22:47:56.428083205
addAsistenta,2026-06-04T22:47:56.428400687
addPacient,2026-06-04T22:47:56.435728631
findPacientByName,2026-06-04T22:47:56.440205575
findPacientiByDiagnostic,2026-06-04T22:47:56.440445796
getUrgentPacienti,2026-06-04T22:47:56.440614956
getSortedMedici,2026-06-04T22:47:56.440905689
addSala,2026-06-04T22:47:56.442740415
addSala,2026-06-04T22:47:56.442836321
addSala,2026-06-04T22:47:56.442913853
getAllSali,2026-06-04T22:47:56.442985925
addMedicament,2026-06-04T22:47:56.445092911
addMedicament,2026-06-04T22:47:56.445238729
getAllMedicamente,2026-06-04T22:47:56.445319156
deleteMedicament,2026-06-04T22:47:56.448095239
findMedicamentByName,2026-06-04T22:47:56.448238342
getAllMedicamente,2026-06-04T22:47:56.448547349
addMedic,2026-06-04T22:47:56.448825239
addMedic,2026-06-04T22:47:56.449333702
findMedicById,2026-06-04T22:47:56.449531995
findMedicamentByName,2026-06-04T22:47:56.450162893
salveaza_medic_db,2026-06-04T22:47:56.572530341
salveaza_medic_db,2026-06-04T22:47:56.57320571
listeaza_medici_db,2026-06-04T22:47:56.581216256
cauta_medic_db,2026-06-04T22:47:56.582653984
actualizeaza_medic_db,2026-06-04T22:47:56.58366045
cauta_medic_db,2026-06-04T22:47:56.583956594
cauta_medic_db,2026-06-04T22:47:56.584361036
sterge_medic_db,2026-06-04T22:47:56.585622711
listeaza_medici_db,2026-06-04T22:47:56.586068258
salveaza_sala_db,2026-06-04T22:47:56.588254198
actualizeaza_sala_db,2026-06-04T22:47:56.589032256
listeaza_sali_db,2026-06-04T22:47:56.589333699
sterge_sala_db,2026-06-04T22:47:56.589948687
listeaza_sali_db,2026-06-04T22:47:56.590168921
salveaza_medicament_db,2026-06-04T22:47:56.591177201
salveaza_medicament_db,2026-06-04T22:47:56.591543783
salveaza_medicament_db,2026-06-04T22:47:56.591922899
listeaza_medicamente_db,2026-06-04T22:47:56.592379527
actualizeaza_medicament_db,2026-06-04T22:47:56.593252589
cauta_medicament_db,2026-06-04T22:47:56.593605326
sterge_medicament_db,2026-06-04T22:47:56.59470848
listeaza_medicamente_db,2026-06-04T22:47:56.594982302
listeaza_medici_db,2026-06-04T22:47:56.595845606
interneaza_pacient_db,2026-06-04T22:47:56.598207759
interneaza_pacient_db,2026-06-04T22:47:56.599171808
listeaza_pacienti_db,2026-06-04T22:47:56.60254156
cauta_pacient_db,2026-06-04T22:47:56.603558105
listeaza_pacienti_db,2026-06-04T22:47:56.604735535
listeaza_medicamente_db,2026-06-04T22:47:56.605018885
prescrie_medicament_db,2026-06-04T22:47:56.60643871
listeaza_medicamente_db,2026-06-04T22:47:56.606675114
prescrie_medicament_rollback,2026-06-04T22:47:56.607243006
listeaza_medicamente_db,2026-06-04T22:47:56.607906383
raport_pacienti_urgenti,2026-06-04T22:47:56.611814072
raport_pacienti_per_medic,2026-06-04T22:47:56.616672756
raport_top_medicamente,2026-06-04T22:47:56.621420907
listeaza_pacienti_db,2026-06-04T22:47:56.622765704
raport_prescriptii_pacient,2026-06-04T22:47:56.625169444
demo_thread_1,2026-06-04T22:47:56.626992168
demo_thread_1,2026-06-04T22:47:56.627244651
demo_thread_1,2026-06-04T22:47:56.62731491
demo_thread_4,2026-06-04T22:47:56.627427717
demo_thread_4,2026-06-04T22:47:56.62752194
demo_thread_4,2026-06-04T22:47:56.62759255
demo_thread_2,2026-06-04T22:47:56.62769645
demo_thread_2,2026-06-04T22:47:56.627774293
demo_thread_2,2026-06-04T22:47:56.627850503
demo_thread_0,2026-06-04T22:47:56.627944425
demo_thread_0,2026-06-04T22:47:56.628051592
demo_thread_0,2026-06-04T22:47:56.628124405
demo_thread_3,2026-06-04T22:47:56.628199784
demo_thread_3,2026-06-04T22:47:56.628261156
demo_thread_3,2026-06-04T22:47:56.628315396
addMedic,2026-06-04T22:56:58.048306309
addMedic,2026-06-04T22:56:58.052828332
addMedic,2026-06-04T22:56:58.052959833
getAllMedici,2026-06-04T22:56:58.053055709
findMedicById,2026-06-04T22:56:58.068123007
findMediciByDepartament,2026-06-04T22:56:58.068507261
deleteMedic,2026-06-04T22:56:58.068723097
findMedicById,2026-06-04T22:56:58.068800008
getAllMedici,2026-06-04T22:56:58.068882669
addMedicSpecialist,2026-06-04T22:56:58.070066728
addSpecToMedic,2026-06-04T22:56:58.070164978
findMedicSpecialistById,2026-06-04T22:56:58.07024289
findMedicSpecialistById,2026-06-04T22:56:58.070317307
addManager,2026-06-04T22:56:58.071631023
addAsistenta,2026-06-04T22:56:58.072033831
addPacient,2026-06-04T22:56:58.07968168
findPacientByName,2026-06-04T22:56:58.082881591
findPacientiByDiagnostic,2026-06-04T22:56:58.083104429
getUrgentPacienti,2026-06-04T22:56:58.083264933
getSortedMedici,2026-06-04T22:56:58.083500204
addSala,2026-06-04T22:56:58.085269665
addSala,2026-06-04T22:56:58.085390356
addSala,2026-06-04T22:56:58.085460685
getAllSali,2026-06-04T22:56:58.085538608
addMedicament,2026-06-04T22:56:58.087473702
addMedicament,2026-06-04T22:56:58.087610262
getAllMedicamente,2026-06-04T22:56:58.087697472
deleteMedicament,2026-06-04T22:56:58.09165444
findMedicamentByName,2026-06-04T22:56:58.09182391
getAllMedicamente,2026-06-04T22:56:58.092225286
addMedic,2026-06-04T22:56:58.092490471
addMedic,2026-06-04T22:56:58.093108534
findMedicById,2026-06-04T22:56:58.093288894
findMedicamentByName,2026-06-04T22:56:58.093681393
salveaza_medic_db,2026-06-04T22:56:58.21985221
salveaza_medic_db,2026-06-04T22:56:58.220569474
listeaza_medici_db,2026-06-04T22:56:58.228524936
cauta_medic_db,2026-06-04T22:56:58.229985802
actualizeaza_medic_db,2026-06-04T22:56:58.231033661
cauta_medic_db,2026-06-04T22:56:58.231286845
cauta_medic_db,2026-06-04T22:56:58.231591403
sterge_medic_db,2026-06-04T22:56:58.232593188
listeaza_medici_db,2026-06-04T22:56:58.232911601
salveaza_sala_db,2026-06-04T22:56:58.235321225
actualizeaza_sala_db,2026-06-04T22:56:58.236106663
listeaza_sali_db,2026-06-04T22:56:58.23640484
sterge_sala_db,2026-06-04T22:56:58.236893906
listeaza_sali_db,2026-06-04T22:56:58.237096607
salveaza_medicament_db,2026-06-04T22:56:58.238342008
salveaza_medicament_db,2026-06-04T22:56:58.238724478
salveaza_medicament_db,2026-06-04T22:56:58.239171898
listeaza_medicamente_db,2026-06-04T22:56:58.240244082
actualizeaza_medicament_db,2026-06-04T22:56:58.241605977
cauta_medicament_db,2026-06-04T22:56:58.241916045
sterge_medicament_db,2026-06-04T22:56:58.243098721
listeaza_medicamente_db,2026-06-04T22:56:58.243347106
listeaza_medici_db,2026-06-04T22:56:58.244466586
interneaza_pacient_db,2026-06-04T22:56:58.247597591
interneaza_pacient_db,2026-06-04T22:56:58.248389201
listeaza_pacienti_db,2026-06-04T22:56:58.249739274
cauta_pacient_db,2026-06-04T22:56:58.250403701
listeaza_pacienti_db,2026-06-04T22:56:58.251597859
listeaza_medicamente_db,2026-06-04T22:56:58.251880136
prescrie_medicament_db,2026-06-04T22:56:58.253100882
listeaza_medicamente_db,2026-06-04T22:56:58.253317639
prescrie_medicament_rollback,2026-06-04T22:56:58.25380969
listeaza_medicamente_db,2026-06-04T22:56:58.254429956
raport_pacienti_urgenti,2026-06-04T22:56:58.259606759
raport_pacienti_per_medic,2026-06-04T22:56:58.263801562
raport_top_medicamente,2026-06-04T22:56:58.267042248
listeaza_pacienti_db,2026-06-04T22:56:58.268090719
raport_prescriptii_pacient,2026-06-04T22:56:58.269860631
demo_thread_0,2026-06-04T22:56:58.271912179
demo_thread_0,2026-06-04T22:56:58.272304818
demo_thread_0,2026-06-04T22:56:58.272374515
demo_thread_2,2026-06-04T22:56:58.272533306
demo_thread_2,2026-06-04T22:56:58.272643628
demo_thread_2,2026-06-04T22:56:58.272708687
demo_thread_1,2026-06-04T22:56:58.27283026
demo_thread_1,2026-06-04T22:56:58.27296131
demo_thread_1,2026-06-04T22:56:58.273349141
demo_thread_4,2026-06-04T22:56:58.273487754
demo_thread_4,2026-06-04T22:56:58.273814132
demo_thread_4,2026-06-04T22:56:58.273947877
demo_thread_3,2026-06-04T22:56:58.274094536
demo_thread_3,2026-06-04T22:56:58.274219695
demo_thread_3,2026-06-04T22:56:58.274294933
